PJ_FUNCTION,D
/home/a/fuzz/DPfuzz/dataset/mjs/frozen/frozen.c@append_to_path,0.2
/home/a/fuzz/DPfuzz/dataset/mjs/frozen/frozen.c@truncate_path,0
/home/a/fuzz/DPfuzz/dataset/mjs/frozen/frozen.c@left,0
/home/a/fuzz/DPfuzz/dataset/mjs/frozen/frozen.c@is_space,0.04009732360097324
/home/a/fuzz/DPfuzz/dataset/mjs/frozen/frozen.c@skip_whitespaces,0
/home/a/fuzz/DPfuzz/dataset/mjs/frozen/frozen.c@cur,0.09904761904761905
/home/a/fuzz/DPfuzz/dataset/mjs/frozen/frozen.c@test_and_skip,0.04
/home/a/fuzz/DPfuzz/dataset/mjs/frozen/frozen.c@is_alpha,0.04009732360097324
/home/a/fuzz/DPfuzz/dataset/mjs/frozen/frozen.c@is_digit,0
/home/a/fuzz/DPfuzz/dataset/mjs/frozen/frozen.c@is_hex_digit,0.12009732360097324
/home/a/fuzz/DPfuzz/dataset/mjs/frozen/frozen.c@get_escape_len,0.12
/home/a/fuzz/DPfuzz/dataset/mjs/frozen/frozen.c@parse_identifier,0.2
/home/a/fuzz/DPfuzz/dataset/mjs/frozen/frozen.c@get_utf8_char_len,0
/home/a/fuzz/DPfuzz/dataset/mjs/frozen/frozen.c@parse_string,0.44066666666666665
/home/a/fuzz/DPfuzz/dataset/mjs/frozen/frozen.c@parse_number,0.44
/home/a/fuzz/DPfuzz/dataset/mjs/frozen/frozen.c@parse_array,0.4875
/home/a/fuzz/DPfuzz/dataset/mjs/frozen/frozen.c@expect,0.24
/home/a/fuzz/DPfuzz/dataset/mjs/frozen/frozen.c@parse_value,0.04
/home/a/fuzz/DPfuzz/dataset/mjs/frozen/frozen.c@parse_key,0.04
/home/a/fuzz/DPfuzz/dataset/mjs/frozen/frozen.c@parse_pair,0.32
/home/a/fuzz/DPfuzz/dataset/mjs/frozen/frozen.c@parse_object,0.2
/home/a/fuzz/DPfuzz/dataset/mjs/frozen/frozen.c@doit,0.16
/home/a/fuzz/DPfuzz/dataset/mjs/frozen/frozen.c@json_escape,0.12
/home/a/fuzz/DPfuzz/dataset/mjs/frozen/frozen.c@json_printer_buf,0.04
/home/a/fuzz/DPfuzz/dataset/mjs/frozen/frozen.c@json_printer_file,0.04
/home/a/fuzz/DPfuzz/dataset/mjs/frozen/frozen.c@b64idx,0.2
/home/a/fuzz/DPfuzz/dataset/mjs/frozen/frozen.c@b64rev,0.2
/home/a/fuzz/DPfuzz/dataset/mjs/frozen/frozen.c@hexdec,0.12
/home/a/fuzz/DPfuzz/dataset/mjs/frozen/frozen.c@b64enc,0.4733333333333334
/home/a/fuzz/DPfuzz/dataset/mjs/frozen/frozen.c@b64dec,0.2
/home/a/fuzz/DPfuzz/dataset/mjs/frozen/frozen.c@json_vprintf,0.32
/home/a/fuzz/DPfuzz/dataset/mjs/frozen/frozen.c@json_printf,0
/home/a/fuzz/DPfuzz/dataset/mjs/frozen/frozen.c@json_printf_array,0.04
/home/a/fuzz/DPfuzz/dataset/mjs/frozen/frozen.c@cs_win_vsnprintf,0
/home/a/fuzz/DPfuzz/dataset/mjs/frozen/frozen.c@cs_win_snprintf,0
/home/a/fuzz/DPfuzz/dataset/mjs/frozen/frozen.c@json_walk,0.32
/home/a/fuzz/DPfuzz/dataset/mjs/frozen/frozen.c@json_scanf_array_elem_cb,0.24
/home/a/fuzz/DPfuzz/dataset/mjs/frozen/frozen.c@json_scanf_array_elem,0.27
/home/a/fuzz/DPfuzz/dataset/mjs/frozen/frozen.c@json_unescape,0.12
/home/a/fuzz/DPfuzz/dataset/mjs/frozen/frozen.c@json_scanf_cb,0.28
/home/a/fuzz/DPfuzz/dataset/mjs/frozen/frozen.c@json_vscanf,0.12
/home/a/fuzz/DPfuzz/dataset/mjs/frozen/frozen.c@json_scanf,0
/home/a/fuzz/DPfuzz/dataset/mjs/frozen/frozen.c@json_vfprintf,0.24
/home/a/fuzz/DPfuzz/dataset/mjs/frozen/frozen.c@json_fprintf,0
/home/a/fuzz/DPfuzz/dataset/mjs/frozen/frozen.c@json_fread,0.08
/home/a/fuzz/DPfuzz/dataset/mjs/frozen/frozen.c@get_matched_prefix_len,0.04
/home/a/fuzz/DPfuzz/dataset/mjs/frozen/frozen.c@json_vsetf_cb,0.32
/home/a/fuzz/DPfuzz/dataset/mjs/frozen/frozen.c@json_vsetf,0.16
/home/a/fuzz/DPfuzz/dataset/mjs/frozen/frozen.c@json_setf,0.12
/home/a/fuzz/DPfuzz/dataset/mjs/frozen/frozen.c@indent,0
/home/a/fuzz/DPfuzz/dataset/mjs/frozen/frozen.c@print_key,0.16
/home/a/fuzz/DPfuzz/dataset/mjs/frozen/frozen.c@prettify_cb,0.12
/home/a/fuzz/DPfuzz/dataset/mjs/frozen/frozen.c@json_prettify,0.04
/home/a/fuzz/DPfuzz/dataset/mjs/frozen/frozen.c@json_prettify_file,0.16
/home/a/fuzz/DPfuzz/dataset/mjs/frozen/frozen.c@next_set_key,0.20066666666666666
/home/a/fuzz/DPfuzz/dataset/mjs/frozen/frozen.c@next_cb,0.12
/home/a/fuzz/DPfuzz/dataset/mjs/frozen/frozen.c@json_next,0.24
/home/a/fuzz/DPfuzz/dataset/mjs/frozen/frozen.c@json_next_key,0.08
/home/a/fuzz/DPfuzz/dataset/mjs/frozen/frozen.c@json_next_elem,0.08
/home/a/fuzz/DPfuzz/dataset/mjs/frozen/frozen.c@json_sprinter,0.2
/home/a/fuzz/DPfuzz/dataset/mjs/frozen/frozen.c@json_vasprintf,0.08
/home/a/fuzz/DPfuzz/dataset/mjs/frozen/frozen.c@json_asprintf,0
/home/a/fuzz/DPfuzz/dataset/mjs/mjs/src/ffi/ffi_test.c@testfunc1,0.013333333333333332
/home/a/fuzz/DPfuzz/dataset/mjs/mjs/src/ffi/ffi_test.c@test_func1,0.2
/home/a/fuzz/DPfuzz/dataset/mjs/mjs/src/ffi/ffi_test.c@testfunc2,0.019047619047619046
/home/a/fuzz/DPfuzz/dataset/mjs/mjs/src/ffi/ffi_test.c@test_func2,0.24
/home/a/fuzz/DPfuzz/dataset/mjs/mjs/src/ffi/ffi_test.c@testfunc3,0.019047619047619046
/home/a/fuzz/DPfuzz/dataset/mjs/mjs/src/ffi/ffi_test.c@test_func3,0.24
/home/a/fuzz/DPfuzz/dataset/mjs/mjs/src/ffi/ffi_test.c@testfunc4,0.013333333333333332
/home/a/fuzz/DPfuzz/dataset/mjs/mjs/src/ffi/ffi_test.c@test_func4,0.2
/home/a/fuzz/DPfuzz/dataset/mjs/mjs/src/ffi/ffi_test.c@testfunc5,0.019047619047619046
/home/a/fuzz/DPfuzz/dataset/mjs/mjs/src/ffi/ffi_test.c@test_func5,0.24
/home/a/fuzz/DPfuzz/dataset/mjs/mjs/src/ffi/ffi_test.c@testfunc6,0.019047619047619046
/home/a/fuzz/DPfuzz/dataset/mjs/mjs/src/ffi/ffi_test.c@test_func6,0.24
/home/a/fuzz/DPfuzz/dataset/mjs/mjs/src/ffi/ffi_test.c@run_all_tests,0.14
/home/a/fuzz/DPfuzz/dataset/mjs/mjs/src/ffi/ffi_test.c@main,0.08
/home/a/fuzz/DPfuzz/dataset/mjs/mjs/src/ffi/ffi.c@ffi_set_word,0
/home/a/fuzz/DPfuzz/dataset/mjs/mjs/src/ffi/ffi.c@ffi_set_bool,0
/home/a/fuzz/DPfuzz/dataset/mjs/mjs/src/ffi/ffi.c@ffi_set_ptr,0
/home/a/fuzz/DPfuzz/dataset/mjs/mjs/src/ffi/ffi.c@ffi_set_double,0
/home/a/fuzz/DPfuzz/dataset/mjs/mjs/src/ffi/ffi.c@ffi_set_float,0
/home/a/fuzz/DPfuzz/dataset/mjs/mjs/src/ffi/ffi.c@ffi_call,0.28
/home/a/fuzz/DPfuzz/dataset/mjs/mjs/src/mjs_primitive.c@mjs_mk_null,0
/home/a/fuzz/DPfuzz/dataset/mjs/mjs/src/mjs_primitive.c@mjs_is_null,0
/home/a/fuzz/DPfuzz/dataset/mjs/mjs/src/mjs_primitive.c@mjs_mk_undefined,0
/home/a/fuzz/DPfuzz/dataset/mjs/mjs/src/mjs_primitive.c@mjs_is_undefined,0
/home/a/fuzz/DPfuzz/dataset/mjs/mjs/src/mjs_primitive.c@mjs_mk_number,0.28
/home/a/fuzz/DPfuzz/dataset/mjs/mjs/src/mjs_primitive.c@get_double,0.04476190476190476
/home/a/fuzz/DPfuzz/dataset/mjs/mjs/src/mjs_primitive.c@mjs_get_double,0.008
/home/a/fuzz/DPfuzz/dataset/mjs/mjs/src/mjs_primitive.c@mjs_get_int,0.0047619047619047615
/home/a/fuzz/DPfuzz/dataset/mjs/mjs/src/mjs_primitive.c@mjs_get_int32,0.008
/home/a/fuzz/DPfuzz/dataset/mjs/mjs/src/mjs_primitive.c@mjs_is_number,0
/home/a/fuzz/DPfuzz/dataset/mjs/mjs/src/mjs_primitive.c@mjs_mk_boolean,0.013333333333333332
/home/a/fuzz/DPfuzz/dataset/mjs/mjs/src/mjs_primitive.c@mjs_get_bool,0
/home/a/fuzz/DPfuzz/dataset/mjs/mjs/src/mjs_primitive.c@mjs_is_boolean,0
/home/a/fuzz/DPfuzz/dataset/mjs/mjs/src/mjs_primitive.c@mjs_pointer_to_value,0
/home/a/fuzz/DPfuzz/dataset/mjs/mjs/src/mjs_primitive.c@mjs_legit_pointer_to_value,0
/home/a/fuzz/DPfuzz/dataset/mjs/mjs/src/mjs_primitive.c@get_ptr,0
/home/a/fuzz/DPfuzz/dataset/mjs/mjs/src/mjs_primitive.c@mjs_get_ptr,0.08
/home/a/fuzz/DPfuzz/dataset/mjs/mjs/src/mjs_primitive.c@mjs_mk_foreign,0
/home/a/fuzz/DPfuzz/dataset/mjs/mjs/src/mjs_primitive.c@mjs_mk_foreign_func,0.08
/home/a/fuzz/DPfuzz/dataset/mjs/mjs/src/mjs_primitive.c@mjs_is_foreign,0
/home/a/fuzz/DPfuzz/dataset/mjs/mjs/src/mjs_primitive.c@mjs_mk_function,0
/home/a/fuzz/DPfuzz/dataset/mjs/mjs/src/mjs_primitive.c@mjs_is_function,0
/home/a/fuzz/DPfuzz/dataset/mjs/mjs/src/mjs_primitive.c@mjs_op_isnan,0
/home/a/fuzz/DPfuzz/dataset/mjs/mjs/src/mjs_exec.c@call_stack_push_frame,0.24
/home/a/fuzz/DPfuzz/dataset/mjs/mjs/src/mjs_exec.c@call_stack_restore_frame,0.12
/home/a/fuzz/DPfuzz/dataset/mjs/mjs/src/mjs_exec.c@mjs_find_scope,0.16
/home/a/fuzz/DPfuzz/dataset/mjs/mjs/src/mjs_exec.c@mjs_get_this,0
/home/a/fuzz/DPfuzz/dataset/mjs/mjs/src/mjs_exec.c@do_arith_op,0.4
/home/a/fuzz/DPfuzz/dataset/mjs/mjs/src/mjs_exec.c@set_no_autoconversion_error,0
/home/a/fuzz/DPfuzz/dataset/mjs/mjs/src/mjs_exec.c@do_op,0.4
/home/a/fuzz/DPfuzz/dataset/mjs/mjs/src/mjs_exec.c@op_assign,0.16
/home/a/fuzz/DPfuzz/dataset/mjs/mjs/src/mjs_exec.c@check_equal,0.4
/home/a/fuzz/DPfuzz/dataset/mjs/mjs/src/mjs_exec.c@exec_expr,0.4
/home/a/fuzz/DPfuzz/dataset/mjs/mjs/src/mjs_exec.c@getprop_builtin_string,0.16
/home/a/fuzz/DPfuzz/dataset/mjs/mjs/src/mjs_exec.c@getprop_builtin_array,0.24
/home/a/fuzz/DPfuzz/dataset/mjs/mjs/src/mjs_exec.c@getprop_builtin_foreign,0.16
/home/a/fuzz/DPfuzz/dataset/mjs/mjs/src/mjs_exec.c@mjs_apply_,0.16
/home/a/fuzz/DPfuzz/dataset/mjs/mjs/src/mjs_exec.c@getprop_builtin,0.24
/home/a/fuzz/DPfuzz/dataset/mjs/mjs/src/mjs_exec.c@mjs_execute,0.32
/home/a/fuzz/DPfuzz/dataset/mjs/mjs/src/mjs_exec.c@mjs_exec_internal,0.16
/home/a/fuzz/DPfuzz/dataset/mjs/mjs/src/mjs_exec.c@mjs_exec,0.04
/home/a/fuzz/DPfuzz/dataset/mjs/mjs/src/mjs_exec.c@mjs_exec_file,0.24
/home/a/fuzz/DPfuzz/dataset/mjs/mjs/src/mjs_exec.c@mjs_call,0.28
/home/a/fuzz/DPfuzz/dataset/mjs/mjs/src/mjs_exec.c@mjs_apply,0.24
/home/a/fuzz/DPfuzz/dataset/mjs/mjs/src/mjs_main.c@main,0.08
/home/a/fuzz/DPfuzz/dataset/mjs/mjs/src/mjs_builtin.c@mjs_print,0
/home/a/fuzz/DPfuzz/dataset/mjs/mjs/src/mjs_builtin.c@mjs_get_loaded_file_bcode,0.24
/home/a/fuzz/DPfuzz/dataset/mjs/mjs/src/mjs_builtin.c@mjs_load,0.16
/home/a/fuzz/DPfuzz/dataset/mjs/mjs/src/mjs_builtin.c@mjs_get_mjs,0.019047619047619046
/home/a/fuzz/DPfuzz/dataset/mjs/mjs/src/mjs_builtin.c@mjs_chr,0.08
/home/a/fuzz/DPfuzz/dataset/mjs/mjs/src/mjs_builtin.c@mjs_do_gc,0
/home/a/fuzz/DPfuzz/dataset/mjs/mjs/src/mjs_builtin.c@mjs_s2o,0
/home/a/fuzz/DPfuzz/dataset/mjs/mjs/src/mjs_builtin.c@mjs_init_builtin,0.32
/home/a/fuzz/DPfuzz/dataset/mjs/mjs/src/mjs_core.c@mjs_destroy,0.48
/home/a/fuzz/DPfuzz/dataset/mjs/mjs/src/mjs_core.c@mjs_create,0.48
/home/a/fuzz/DPfuzz/dataset/mjs/mjs/src/mjs_core.c@mjs_set_errorf,0.2
/home/a/fuzz/DPfuzz/dataset/mjs/mjs/src/mjs_core.c@mjs_prepend_errorf,0.16
/home/a/fuzz/DPfuzz/dataset/mjs/mjs/src/mjs_core.c@mjs_print_error,0
/home/a/fuzz/DPfuzz/dataset/mjs/mjs/src/mjs_core.c@mjs_die,0.08
/home/a/fuzz/DPfuzz/dataset/mjs/mjs/src/mjs_core.c@mjs_strerror,0.04
/home/a/fuzz/DPfuzz/dataset/mjs/mjs/src/mjs_core.c@mjs_get_func_addr,0
/home/a/fuzz/DPfuzz/dataset/mjs/mjs/src/mjs_core.c@mjs_get_type,0.04
/home/a/fuzz/DPfuzz/dataset/mjs/mjs/src/mjs_core.c@mjs_get_global,0
/home/a/fuzz/DPfuzz/dataset/mjs/mjs/src/mjs_core.c@mjs_append_stack_trace_line,0.12
/home/a/fuzz/DPfuzz/dataset/mjs/mjs/src/mjs_core.c@mjs_gen_stack_trace,0.16
/home/a/fuzz/DPfuzz/dataset/mjs/mjs/src/mjs_core.c@mjs_own,0
/home/a/fuzz/DPfuzz/dataset/mjs/mjs/src/mjs_core.c@mjs_disown,0.16
/home/a/fuzz/DPfuzz/dataset/mjs/mjs/src/mjs_core.c@mjs_getretvalpos,0
/home/a/fuzz/DPfuzz/dataset/mjs/mjs/src/mjs_core.c@mjs_nargs,0
/home/a/fuzz/DPfuzz/dataset/mjs/mjs/src/mjs_core.c@mjs_arg,0.23
/home/a/fuzz/DPfuzz/dataset/mjs/mjs/src/mjs_core.c@mjs_return,0
/home/a/fuzz/DPfuzz/dataset/mjs/mjs/src/mjs_core.c@vtop,0
/home/a/fuzz/DPfuzz/dataset/mjs/mjs/src/mjs_core.c@mjs_stack_size,0
/home/a/fuzz/DPfuzz/dataset/mjs/mjs/src/mjs_core.c@vptr,0
/home/a/fuzz/DPfuzz/dataset/mjs/mjs/src/mjs_core.c@mjs_pop,0
/home/a/fuzz/DPfuzz/dataset/mjs/mjs/src/mjs_core.c@push_mjs_val,0
/home/a/fuzz/DPfuzz/dataset/mjs/mjs/src/mjs_core.c@mjs_pop_val,0
/home/a/fuzz/DPfuzz/dataset/mjs/mjs/src/mjs_core.c@mjs_push,0
/home/a/fuzz/DPfuzz/dataset/mjs/mjs/src/mjs_core.c@mjs_set_generate_jsc,0
/home/a/fuzz/DPfuzz/dataset/mjs/mjs/src/mjs_array.c@v_sprintf_s,0.2
/home/a/fuzz/DPfuzz/dataset/mjs/mjs/src/mjs_array.c@mjs_mk_array,0.12
/home/a/fuzz/DPfuzz/dataset/mjs/mjs/src/mjs_array.c@mjs_is_array,0
/home/a/fuzz/DPfuzz/dataset/mjs/mjs/src/mjs_array.c@mjs_array_get,0.04
/home/a/fuzz/DPfuzz/dataset/mjs/mjs/src/mjs_array.c@mjs_array_get2,0.4
/home/a/fuzz/DPfuzz/dataset/mjs/mjs/src/mjs_array.c@mjs_array_length,0.16066666666666665
/home/a/fuzz/DPfuzz/dataset/mjs/mjs/src/mjs_array.c@mjs_array_set,0.2
/home/a/fuzz/DPfuzz/dataset/mjs/mjs/src/mjs_array.c@mjs_array_del,0.04
/home/a/fuzz/DPfuzz/dataset/mjs/mjs/src/mjs_array.c@mjs_array_push,0.04
/home/a/fuzz/DPfuzz/dataset/mjs/mjs/src/mjs_array.c@mjs_array_push_internal,0.16
/home/a/fuzz/DPfuzz/dataset/mjs/mjs/src/mjs_array.c@move_item,0
/home/a/fuzz/DPfuzz/dataset/mjs/mjs/src/mjs_array.c@mjs_array_splice,0.36
/home/a/fuzz/DPfuzz/dataset/mjs/mjs/src/mjs_dataview.c@mjs_mem_to_ptr,0
/home/a/fuzz/DPfuzz/dataset/mjs/mjs/src/mjs_dataview.c@mjs_mem_get_ptr,0.05904761904761904
/home/a/fuzz/DPfuzz/dataset/mjs/mjs/src/mjs_dataview.c@mjs_mem_set_ptr,0.05904761904761904
/home/a/fuzz/DPfuzz/dataset/mjs/mjs/src/mjs_dataview.c@mjs_mem_get_dbl,0
/home/a/fuzz/DPfuzz/dataset/mjs/mjs/src/mjs_dataview.c@mjs_mem_set_dbl,0.005714285714285714
/home/a/fuzz/DPfuzz/dataset/mjs/mjs/src/mjs_dataview.c@mjs_mem_get_uint,0.24
/home/a/fuzz/DPfuzz/dataset/mjs/mjs/src/mjs_dataview.c@mjs_mem_get_int,0.2806666666666667
/home/a/fuzz/DPfuzz/dataset/mjs/mjs/src/mjs_dataview.c@mjs_mem_set_uint,0.2
/home/a/fuzz/DPfuzz/dataset/mjs/mjs/src/mjs_dataview.c@mjs_mem_set_int,0.005714285714285714
/home/a/fuzz/DPfuzz/dataset/mjs/mjs/src/mjs_string.c@chartorune,0.05904761904761904
/home/a/fuzz/DPfuzz/dataset/mjs/mjs/src/mjs_string.c@runetochar,0.05904761904761904
/home/a/fuzz/DPfuzz/dataset/mjs/mjs/src/mjs_string.c@mjs_is_string,0.04
/home/a/fuzz/DPfuzz/dataset/mjs/mjs/src/mjs_string.c@mjs_mk_string,0.2
/home/a/fuzz/DPfuzz/dataset/mjs/mjs/src/mjs_string.c@mjs_get_string,0.16399999999999998
/home/a/fuzz/DPfuzz/dataset/mjs/mjs/src/mjs_string.c@mjs_get_cstring,0.16
/home/a/fuzz/DPfuzz/dataset/mjs/mjs/src/mjs_string.c@mjs_strcmp,0.27
/home/a/fuzz/DPfuzz/dataset/mjs/mjs/src/mjs_string.c@cstr_to_ulong,0
/home/a/fuzz/DPfuzz/dataset/mjs/mjs/src/mjs_string.c@str_to_ulong,0
/home/a/fuzz/DPfuzz/dataset/mjs/mjs/src/mjs_string.c@s_cmp,0.2
/home/a/fuzz/DPfuzz/dataset/mjs/mjs/src/mjs_string.c@s_concat,0.24
/home/a/fuzz/DPfuzz/dataset/mjs/mjs/src/mjs_string.c@mjs_string_slice,0.12
/home/a/fuzz/DPfuzz/dataset/mjs/mjs/src/mjs_string.c@mjs_string_index_of,0.04
/home/a/fuzz/DPfuzz/dataset/mjs/mjs/src/mjs_string.c@mjs_string_char_code_at,0.08
/home/a/fuzz/DPfuzz/dataset/mjs/mjs/src/mjs_string.c@mjs_mkstr,0.16
/home/a/fuzz/DPfuzz/dataset/mjs/mjs/src/mjs_string.c@hex,0.28
/home/a/fuzz/DPfuzz/dataset/mjs/mjs/src/mjs_string.c@nextesc,0.32
/home/a/fuzz/DPfuzz/dataset/mjs/mjs/src/mjs_string.c@unescape,0.12
/home/a/fuzz/DPfuzz/dataset/mjs/mjs/src/mjs_string.c@embed_string,0.12
/home/a/fuzz/DPfuzz/dataset/mjs/mjs/src/mjs_gc.c@new_object,0
/home/a/fuzz/DPfuzz/dataset/mjs/mjs/src/mjs_gc.c@new_property,0
/home/a/fuzz/DPfuzz/dataset/mjs/mjs/src/mjs_gc.c@new_ffi_sig,0
/home/a/fuzz/DPfuzz/dataset/mjs/mjs/src/mjs_gc.c@gc_arena_init,0.12
/home/a/fuzz/DPfuzz/dataset/mjs/mjs/src/mjs_gc.c@gc_arena_destroy,0.28
/home/a/fuzz/DPfuzz/dataset/mjs/mjs/src/mjs_gc.c@gc_free_block,0
/home/a/fuzz/DPfuzz/dataset/mjs/mjs/src/mjs_gc.c@gc_new_block,0.12
/home/a/fuzz/DPfuzz/dataset/mjs/mjs/src/mjs_gc.c@gc_arena_is_gc_needed,0.24
/home/a/fuzz/DPfuzz/dataset/mjs/mjs/src/mjs_gc.c@gc_strings_is_gc_needed,0.04
/home/a/fuzz/DPfuzz/dataset/mjs/mjs/src/mjs_gc.c@gc_alloc_cell,0.16
/home/a/fuzz/DPfuzz/dataset/mjs/mjs/src/mjs_gc.c@gc_sweep,0.16
/home/a/fuzz/DPfuzz/dataset/mjs/mjs/src/mjs_gc.c@gc_mark_ffi_sig,0.24
/home/a/fuzz/DPfuzz/dataset/mjs/mjs/src/mjs_gc.c@gc_mark_object,0.12
/home/a/fuzz/DPfuzz/dataset/mjs/mjs/src/mjs_gc.c@gc_mark_string,0.28
/home/a/fuzz/DPfuzz/dataset/mjs/mjs/src/mjs_gc.c@gc_mark,0
/home/a/fuzz/DPfuzz/dataset/mjs/mjs/src/mjs_gc.c@gc_string_mjs_val_to_offset,0
/home/a/fuzz/DPfuzz/dataset/mjs/mjs/src/mjs_gc.c@gc_string_val_from_offset,0
/home/a/fuzz/DPfuzz/dataset/mjs/mjs/src/mjs_gc.c@gc_compact_strings,0.28
/home/a/fuzz/DPfuzz/dataset/mjs/mjs/src/mjs_gc.c@maybe_gc,0.08
/home/a/fuzz/DPfuzz/dataset/mjs/mjs/src/mjs_gc.c@gc_mark_val_array,0
/home/a/fuzz/DPfuzz/dataset/mjs/mjs/src/mjs_gc.c@gc_mark_mbuf_pt,0.08
/home/a/fuzz/DPfuzz/dataset/mjs/mjs/src/mjs_gc.c@gc_mark_mbuf_val,0
/home/a/fuzz/DPfuzz/dataset/mjs/mjs/src/mjs_gc.c@gc_mark_ffi_cbargs_list,0
/home/a/fuzz/DPfuzz/dataset/mjs/mjs/src/mjs_gc.c@mjs_gc,0.16
/home/a/fuzz/DPfuzz/dataset/mjs/mjs/src/mjs_gc.c@gc_check_val,0.04
/home/a/fuzz/DPfuzz/dataset/mjs/mjs/src/mjs_gc.c@gc_check_ptr,0
/home/a/fuzz/DPfuzz/dataset/mjs/mjs/src/mjs_object.c@mjs_object_to_value,0.08
/home/a/fuzz/DPfuzz/dataset/mjs/mjs/src/mjs_object.c@get_object_struct,0.27
/home/a/fuzz/DPfuzz/dataset/mjs/mjs/src/mjs_object.c@mjs_mk_object,0
/home/a/fuzz/DPfuzz/dataset/mjs/mjs/src/mjs_object.c@mjs_is_object,0
/home/a/fuzz/DPfuzz/dataset/mjs/mjs/src/mjs_object.c@mjs_get_own_property,0.16
/home/a/fuzz/DPfuzz/dataset/mjs/mjs/src/mjs_object.c@mjs_get_own_property_v,0.24
/home/a/fuzz/DPfuzz/dataset/mjs/mjs/src/mjs_object.c@mjs_mk_property,0.08
/home/a/fuzz/DPfuzz/dataset/mjs/mjs/src/mjs_object.c@mjs_get,0.24
/home/a/fuzz/DPfuzz/dataset/mjs/mjs/src/mjs_object.c@mjs_get_v,0.24
/home/a/fuzz/DPfuzz/dataset/mjs/mjs/src/mjs_object.c@mjs_get_v_proto,0.08
/home/a/fuzz/DPfuzz/dataset/mjs/mjs/src/mjs_object.c@mjs_set,0.04
/home/a/fuzz/DPfuzz/dataset/mjs/mjs/src/mjs_object.c@mjs_set_v,0.04
/home/a/fuzz/DPfuzz/dataset/mjs/mjs/src/mjs_object.c@mjs_set_internal,0.28
/home/a/fuzz/DPfuzz/dataset/mjs/mjs/src/mjs_object.c@mjs_destroy_property,0
/home/a/fuzz/DPfuzz/dataset/mjs/mjs/src/mjs_object.c@mjs_del,0.12
/home/a/fuzz/DPfuzz/dataset/mjs/mjs/src/mjs_object.c@mjs_next,0.24
/home/a/fuzz/DPfuzz/dataset/mjs/mjs/src/mjs_object.c@mjs_op_create_object,0.2
/home/a/fuzz/DPfuzz/dataset/mjs/mjs/src/mjs_object.c@mjs_struct_to_obj,0.28
/home/a/fuzz/DPfuzz/dataset/mjs/mjs/src/mjs_tok.c@pinit,0.16
/home/a/fuzz/DPfuzz/dataset/mjs/mjs/src/mjs_tok.c@mjs_is_space,0.20009732360097324
/home/a/fuzz/DPfuzz/dataset/mjs/mjs/src/mjs_tok.c@mjs_is_digit,0
/home/a/fuzz/DPfuzz/dataset/mjs/mjs/src/mjs_tok.c@mjs_is_alpha,0.04009732360097324
/home/a/fuzz/DPfuzz/dataset/mjs/mjs/src/mjs_tok.c@mjs_is_ident,0
/home/a/fuzz/DPfuzz/dataset/mjs/mjs/src/mjs_tok.c@longtok,0.04
/home/a/fuzz/DPfuzz/dataset/mjs/mjs/src/mjs_tok.c@longtok3,0.12
/home/a/fuzz/DPfuzz/dataset/mjs/mjs/src/mjs_tok.c@longtok4,0.08
/home/a/fuzz/DPfuzz/dataset/mjs/mjs/src/mjs_tok.c@getnum,0.16
/home/a/fuzz/DPfuzz/dataset/mjs/mjs/src/mjs_tok.c@is_reserved_word_token,0.12
/home/a/fuzz/DPfuzz/dataset/mjs/mjs/src/mjs_tok.c@getident,0
/home/a/fuzz/DPfuzz/dataset/mjs/mjs/src/mjs_tok.c@getstr,0.04
/home/a/fuzz/DPfuzz/dataset/mjs/mjs/src/mjs_tok.c@skip_spaces_and_comments,0.08
/home/a/fuzz/DPfuzz/dataset/mjs/mjs/src/mjs_tok.c@ptranslate,0.24
/home/a/fuzz/DPfuzz/dataset/mjs/mjs/src/mjs_tok.c@pnext,0.2
/home/a/fuzz/DPfuzz/dataset/mjs/mjs/src/mjs_ffi.c@mjs_set_ffi_resolver,0
/home/a/fuzz/DPfuzz/dataset/mjs/mjs/src/mjs_ffi.c@parse_cval_type,0.12
/home/a/fuzz/DPfuzz/dataset/mjs/mjs/src/mjs_ffi.c@find_paren,0
/home/a/fuzz/DPfuzz/dataset/mjs/mjs/src/mjs_ffi.c@find_closing_paren,0.24
/home/a/fuzz/DPfuzz/dataset/mjs/mjs/src/mjs_ffi.c@mjs_parse_ffi_signature,0.32
/home/a/fuzz/DPfuzz/dataset/mjs/mjs/src/mjs_ffi.c@ffi_cb_impl_generic,0.08
/home/a/fuzz/DPfuzz/dataset/mjs/mjs/src/mjs_ffi.c@ffi_init_cb_data_wwww,0.44
/home/a/fuzz/DPfuzz/dataset/mjs/mjs/src/mjs_ffi.c@ffi_cb_impl_wpwwwww,0
/home/a/fuzz/DPfuzz/dataset/mjs/mjs/src/mjs_ffi.c@ffi_cb_impl_wwpwwww,0
/home/a/fuzz/DPfuzz/dataset/mjs/mjs/src/mjs_ffi.c@ffi_cb_impl_wwwpwww,0
/home/a/fuzz/DPfuzz/dataset/mjs/mjs/src/mjs_ffi.c@ffi_cb_impl_wwwwpww,0
/home/a/fuzz/DPfuzz/dataset/mjs/mjs/src/mjs_ffi.c@ffi_cb_impl_wwwwwpw,0
/home/a/fuzz/DPfuzz/dataset/mjs/mjs/src/mjs_ffi.c@ffi_cb_impl_wwwwwwp,0
/home/a/fuzz/DPfuzz/dataset/mjs/mjs/src/mjs_ffi.c@ffi_cb_impl_wpd,0.16
/home/a/fuzz/DPfuzz/dataset/mjs/mjs/src/mjs_ffi.c@ffi_cb_impl_wdp,0.16
/home/a/fuzz/DPfuzz/dataset/mjs/mjs/src/mjs_ffi.c@ffi_get_matching,0.08
/home/a/fuzz/DPfuzz/dataset/mjs/mjs/src/mjs_ffi.c@get_cb_impl_by_signature,0.08
/home/a/fuzz/DPfuzz/dataset/mjs/mjs/src/mjs_ffi.c@mjs_ffi_sig_to_value,0.08
/home/a/fuzz/DPfuzz/dataset/mjs/mjs/src/mjs_ffi.c@mjs_is_ffi_sig,0
/home/a/fuzz/DPfuzz/dataset/mjs/mjs/src/mjs_ffi.c@mjs_get_ffi_sig_struct,0
/home/a/fuzz/DPfuzz/dataset/mjs/mjs/src/mjs_ffi.c@mjs_mk_ffi_sig,0
/home/a/fuzz/DPfuzz/dataset/mjs/mjs/src/mjs_ffi.c@mjs_ffi_sig_destructor,0
/home/a/fuzz/DPfuzz/dataset/mjs/mjs/src/mjs_ffi.c@mjs_ffi_call,0.16
/home/a/fuzz/DPfuzz/dataset/mjs/mjs/src/mjs_ffi.c@mjs_ffi_call2,0.36
/home/a/fuzz/DPfuzz/dataset/mjs/mjs/src/mjs_ffi.c@mjs_ffi_cb_free,0.16
/home/a/fuzz/DPfuzz/dataset/mjs/mjs/src/mjs_ffi.c@mjs_ffi_args_free_list,0
/home/a/fuzz/DPfuzz/dataset/mjs/mjs/src/mjs_ffi.c@mjs_ffi_sig_init,0
/home/a/fuzz/DPfuzz/dataset/mjs/mjs/src/mjs_ffi.c@mjs_ffi_sig_copy,0
/home/a/fuzz/DPfuzz/dataset/mjs/mjs/src/mjs_ffi.c@mjs_ffi_sig_free,0
/home/a/fuzz/DPfuzz/dataset/mjs/mjs/src/mjs_ffi.c@mjs_ffi_sig_set_val_type,0.27
/home/a/fuzz/DPfuzz/dataset/mjs/mjs/src/mjs_ffi.c@mjs_ffi_sig_validate,0.2
/home/a/fuzz/DPfuzz/dataset/mjs/mjs/src/mjs_ffi.c@mjs_ffi_is_regular_word,0
/home/a/fuzz/DPfuzz/dataset/mjs/mjs/src/mjs_ffi.c@mjs_ffi_is_regular_word_or_void,0
/home/a/fuzz/DPfuzz/dataset/mjs/mjs/src/mjs_ffi.c@dlsym,0
/home/a/fuzz/DPfuzz/dataset/mjs/mjs/src/mjs_json.c@should_skip_for_json,0.2411764705882353
/home/a/fuzz/DPfuzz/dataset/mjs/mjs/src/mjs_json.c@append_hex,0.2
/home/a/fuzz/DPfuzz/dataset/mjs/mjs/src/mjs_json.c@snquote,0.36
/home/a/fuzz/DPfuzz/dataset/mjs/mjs/src/mjs_json.c@to_json_or_debug,0.36
/home/a/fuzz/DPfuzz/dataset/mjs/mjs/src/mjs_json.c@mjs_json_stringify,0.16
/home/a/fuzz/DPfuzz/dataset/mjs/mjs/src/mjs_json.c@alloc_json_frame,0.08
/home/a/fuzz/DPfuzz/dataset/mjs/mjs/src/mjs_json.c@free_json_frame,0.12
/home/a/fuzz/DPfuzz/dataset/mjs/mjs/src/mjs_json.c@frozen_cb,0.32
/home/a/fuzz/DPfuzz/dataset/mjs/mjs/src/mjs_json.c@mjs_json_parse,0.32
/home/a/fuzz/DPfuzz/dataset/mjs/mjs/src/mjs_json.c@mjs_op_json_stringify,0.2
/home/a/fuzz/DPfuzz/dataset/mjs/mjs/src/mjs_json.c@mjs_op_json_parse,0.2
/home/a/fuzz/DPfuzz/dataset/mjs/mjs/src/mjs_parser.c@ptest,0.04
/home/a/fuzz/DPfuzz/dataset/mjs/mjs/src/mjs_parser.c@findtok,0.06333333333333332
/home/a/fuzz/DPfuzz/dataset/mjs/mjs/src/mjs_parser.c@emit_op,0.013333333333333332
/home/a/fuzz/DPfuzz/dataset/mjs/mjs/src/mjs_parser.c@emit_init_offset,0.008
/home/a/fuzz/DPfuzz/dataset/mjs/mjs/src/mjs_parser.c@parse_statement_list,0.21
/home/a/fuzz/DPfuzz/dataset/mjs/mjs/src/mjs_parser.c@parse_block,0.12
/home/a/fuzz/DPfuzz/dataset/mjs/mjs/src/mjs_parser.c@parse_function,0.12066666666666666
/home/a/fuzz/DPfuzz/dataset/mjs/mjs/src/mjs_parser.c@parse_object_literal,0.12
/home/a/fuzz/DPfuzz/dataset/mjs/mjs/src/mjs_parser.c@parse_array_literal,0
/home/a/fuzz/DPfuzz/dataset/mjs/mjs/src/mjs_parser.c@parse_literal,0.24
/home/a/fuzz/DPfuzz/dataset/mjs/mjs/src/mjs_parser.c@parse_call_dot_mem,0.36
/home/a/fuzz/DPfuzz/dataset/mjs/mjs/src/mjs_parser.c@parse_postfix,0.16
/home/a/fuzz/DPfuzz/dataset/mjs/mjs/src/mjs_parser.c@parse_unary,0.21
/home/a/fuzz/DPfuzz/dataset/mjs/mjs/src/mjs_parser.c@parse_mul_div_rem,0
/home/a/fuzz/DPfuzz/dataset/mjs/mjs/src/mjs_parser.c@parse_plus_minus,0
/home/a/fuzz/DPfuzz/dataset/mjs/mjs/src/mjs_parser.c@parse_shifts,0
/home/a/fuzz/DPfuzz/dataset/mjs/mjs/src/mjs_parser.c@parse_comparison,0
/home/a/fuzz/DPfuzz/dataset/mjs/mjs/src/mjs_parser.c@parse_equality,0
/home/a/fuzz/DPfuzz/dataset/mjs/mjs/src/mjs_parser.c@parse_bitwise_and,0
/home/a/fuzz/DPfuzz/dataset/mjs/mjs/src/mjs_parser.c@parse_bitwise_xor,0
/home/a/fuzz/DPfuzz/dataset/mjs/mjs/src/mjs_parser.c@parse_bitwise_or,0
/home/a/fuzz/DPfuzz/dataset/mjs/mjs/src/mjs_parser.c@parse_logical_and,0
/home/a/fuzz/DPfuzz/dataset/mjs/mjs/src/mjs_parser.c@parse_logical_or,0
/home/a/fuzz/DPfuzz/dataset/mjs/mjs/src/mjs_parser.c@parse_ternary,0.32066666666666666
/home/a/fuzz/DPfuzz/dataset/mjs/mjs/src/mjs_parser.c@parse_assignment,0.005714285714285714
/home/a/fuzz/DPfuzz/dataset/mjs/mjs/src/mjs_parser.c@parse_expr,0
/home/a/fuzz/DPfuzz/dataset/mjs/mjs/src/mjs_parser.c@parse_let,0.16
/home/a/fuzz/DPfuzz/dataset/mjs/mjs/src/mjs_parser.c@parse_block_or_stmt,0.12
/home/a/fuzz/DPfuzz/dataset/mjs/mjs/src/mjs_parser.c@parse_for_in,0.24066666666666667
/home/a/fuzz/DPfuzz/dataset/mjs/mjs/src/mjs_parser.c@check_for_in,0.04
/home/a/fuzz/DPfuzz/dataset/mjs/mjs/src/mjs_parser.c@parse_for,0.16
/home/a/fuzz/DPfuzz/dataset/mjs/mjs/src/mjs_parser.c@parse_while,0.24066666666666667
/home/a/fuzz/DPfuzz/dataset/mjs/mjs/src/mjs_parser.c@parse_if,0.36066666666666664
/home/a/fuzz/DPfuzz/dataset/mjs/mjs/src/mjs_parser.c@pstate_revert,0.32
/home/a/fuzz/DPfuzz/dataset/mjs/mjs/src/mjs_parser.c@parse_return,0.24
/home/a/fuzz/DPfuzz/dataset/mjs/mjs/src/mjs_parser.c@parse_statement,0.12
/home/a/fuzz/DPfuzz/dataset/mjs/mjs/src/mjs_parser.c@mjs_parse,0.28044444444444444
/home/a/fuzz/DPfuzz/dataset/mjs/mjs/src/mjs_conversion.c@mjs_to_string,0.16
/home/a/fuzz/DPfuzz/dataset/mjs/mjs/src/mjs_conversion.c@mjs_to_boolean_v,0.04
/home/a/fuzz/DPfuzz/dataset/mjs/mjs/src/mjs_conversion.c@mjs_is_truthy,0
/home/a/fuzz/DPfuzz/dataset/mjs/mjs/src/mjs_bcode.c@add_lineno_map_item,0.2
/home/a/fuzz/DPfuzz/dataset/mjs/mjs/src/mjs_bcode.c@emit_byte,0
/home/a/fuzz/DPfuzz/dataset/mjs/mjs/src/mjs_bcode.c@emit_int,0.04
/home/a/fuzz/DPfuzz/dataset/mjs/mjs/src/mjs_bcode.c@emit_str,0.16
/home/a/fuzz/DPfuzz/dataset/mjs/mjs/src/mjs_bcode.c@mjs_bcode_insert_offset,0.32
/home/a/fuzz/DPfuzz/dataset/mjs/mjs/src/mjs_bcode.c@mjs_bcode_part_add,0
/home/a/fuzz/DPfuzz/dataset/mjs/mjs/src/mjs_bcode.c@mjs_bcode_part_get,0
/home/a/fuzz/DPfuzz/dataset/mjs/mjs/src/mjs_bcode.c@mjs_bcode_part_get_by_offset,0.12
/home/a/fuzz/DPfuzz/dataset/mjs/mjs/src/mjs_bcode.c@mjs_bcode_parts_cnt,0
/home/a/fuzz/DPfuzz/dataset/mjs/mjs/src/mjs_bcode.c@mjs_bcode_commit,0.24
/home/a/fuzz/DPfuzz/dataset/mjs/mjs/src/mjs_util.c@mjs_typeof,0
/home/a/fuzz/DPfuzz/dataset/mjs/mjs/src/mjs_util.c@mjs_stringify_type,0.04
/home/a/fuzz/DPfuzz/dataset/mjs/mjs/src/mjs_util.c@mjs_jprintf,0.2
/home/a/fuzz/DPfuzz/dataset/mjs/mjs/src/mjs_util.c@mjs_sprintf,0.04
/home/a/fuzz/DPfuzz/dataset/mjs/mjs/src/mjs_util.c@mjs_fprintf,0.04
/home/a/fuzz/DPfuzz/dataset/mjs/mjs/src/mjs_util.c@opcodetostr,0.2
/home/a/fuzz/DPfuzz/dataset/mjs/mjs/src/mjs_util.c@mjs_disasm_single,0.36
/home/a/fuzz/DPfuzz/dataset/mjs/mjs/src/mjs_util.c@mjs_disasm,0.08
/home/a/fuzz/DPfuzz/dataset/mjs/mjs/src/mjs_util.c@mjs_dump_obj_stack,0.24
/home/a/fuzz/DPfuzz/dataset/mjs/mjs/src/mjs_util.c@mjs_dump,0.16
/home/a/fuzz/DPfuzz/dataset/mjs/mjs/src/mjs_util.c@mjs_check_arg,0.16
/home/a/fuzz/DPfuzz/dataset/mjs/mjs/src/mjs_util.c@mjs_normalize_idx,0
/home/a/fuzz/DPfuzz/dataset/mjs/mjs/src/mjs_util.c@mjs_get_bcode_filename,0
/home/a/fuzz/DPfuzz/dataset/mjs/mjs/src/mjs_util.c@mjs_get_bcode_filename_by_offset,0
/home/a/fuzz/DPfuzz/dataset/mjs/mjs/src/mjs_util.c@mjs_get_lineno_by_offset,0.16
/home/a/fuzz/DPfuzz/dataset/mjs/mjs/src/mjs_util.c@mjs_get_offset_by_call_frame_num,0.08
/home/a/fuzz/DPfuzz/dataset/mjs/mjs/tests/unit_test.c@cleanup_mjs,0.04
/home/a/fuzz/DPfuzz/dataset/mjs/mjs/tests/unit_test.c@cleanup_dir,0.04
/home/a/fuzz/DPfuzz/dataset/mjs/mjs/tests/unit_test.c@test_this_plus_arg,0.32
/home/a/fuzz/DPfuzz/dataset/mjs/mjs/tests/unit_test.c@s_run_test_mjs,0.24
/home/a/fuzz/DPfuzz/dataset/mjs/mjs/tests/unit_test.c@test_arithmetic,0.52
/home/a/fuzz/DPfuzz/dataset/mjs/mjs/tests/unit_test.c@test_block,0.28
/home/a/fuzz/DPfuzz/dataset/mjs/mjs/tests/unit_test.c@test_function,0.24
/home/a/fuzz/DPfuzz/dataset/mjs/mjs/tests/unit_test.c@test_cfunction,0.2
/home/a/fuzz/DPfuzz/dataset/mjs/mjs/tests/unit_test.c@test_exec,0.24066666666666667
/home/a/fuzz/DPfuzz/dataset/mjs/mjs/tests/unit_test.c@test_if,0.08
/home/a/fuzz/DPfuzz/dataset/mjs/mjs/tests/unit_test.c@test_comparison,0.48
/home/a/fuzz/DPfuzz/dataset/mjs/mjs/tests/unit_test.c@test_logic,0.48
/home/a/fuzz/DPfuzz/dataset/mjs/mjs/tests/unit_test.c@testfunc1,0.005714285714285714
/home/a/fuzz/DPfuzz/dataset/mjs/mjs/tests/unit_test.c@test_func1,0.2
/home/a/fuzz/DPfuzz/dataset/mjs/mjs/tests/unit_test.c@testfunc2,0
/home/a/fuzz/DPfuzz/dataset/mjs/mjs/tests/unit_test.c@test_func2,0.24
/home/a/fuzz/DPfuzz/dataset/mjs/mjs/tests/unit_test.c@testfunc3,0
/home/a/fuzz/DPfuzz/dataset/mjs/mjs/tests/unit_test.c@test_func3,0.24
/home/a/fuzz/DPfuzz/dataset/mjs/mjs/tests/unit_test.c@testfunc4,0.005714285714285714
/home/a/fuzz/DPfuzz/dataset/mjs/mjs/tests/unit_test.c@test_func4,0.2
/home/a/fuzz/DPfuzz/dataset/mjs/mjs/tests/unit_test.c@testfunc5,0
/home/a/fuzz/DPfuzz/dataset/mjs/mjs/tests/unit_test.c@test_func5,0.24
/home/a/fuzz/DPfuzz/dataset/mjs/mjs/tests/unit_test.c@testfunc6,0
/home/a/fuzz/DPfuzz/dataset/mjs/mjs/tests/unit_test.c@test_func6,0.24
/home/a/fuzz/DPfuzz/dataset/mjs/mjs/tests/unit_test.c@ffi_get_null,0
/home/a/fuzz/DPfuzz/dataset/mjs/mjs/tests/unit_test.c@ffi_set_byte,0.05904761904761904
/home/a/fuzz/DPfuzz/dataset/mjs/mjs/tests/unit_test.c@ffi_test_i2i,0
/home/a/fuzz/DPfuzz/dataset/mjs/mjs/tests/unit_test.c@ffi_test_iiid,0.05904761904761904
/home/a/fuzz/DPfuzz/dataset/mjs/mjs/tests/unit_test.c@ffi_test_biid,0
/home/a/fuzz/DPfuzz/dataset/mjs/mjs/tests/unit_test.c@ffi_test_diid,0.05904761904761904
/home/a/fuzz/DPfuzz/dataset/mjs/mjs/tests/unit_test.c@ffi_test_iidd,0.05904761904761904
/home/a/fuzz/DPfuzz/dataset/mjs/mjs/tests/unit_test.c@ffi_test_bidd,0
/home/a/fuzz/DPfuzz/dataset/mjs/mjs/tests/unit_test.c@ffi_test_didd,0.05904761904761904
/home/a/fuzz/DPfuzz/dataset/mjs/mjs/tests/unit_test.c@ffi_test_iiif,0.05904761904761904
/home/a/fuzz/DPfuzz/dataset/mjs/mjs/tests/unit_test.c@ffi_test_biif,0
/home/a/fuzz/DPfuzz/dataset/mjs/mjs/tests/unit_test.c@ffi_test_fiif,0.05904761904761904
/home/a/fuzz/DPfuzz/dataset/mjs/mjs/tests/unit_test.c@ffi_test_iiff,0.05904761904761904
/home/a/fuzz/DPfuzz/dataset/mjs/mjs/tests/unit_test.c@ffi_test_biff,0
/home/a/fuzz/DPfuzz/dataset/mjs/mjs/tests/unit_test.c@ffi_test_fiff,0.05904761904761904
/home/a/fuzz/DPfuzz/dataset/mjs/mjs/tests/unit_test.c@ffi_test_iib,0
/home/a/fuzz/DPfuzz/dataset/mjs/mjs/tests/unit_test.c@ffi_test_bi,0.008
/home/a/fuzz/DPfuzz/dataset/mjs/mjs/tests/unit_test.c@ffi_test_i5i,0
/home/a/fuzz/DPfuzz/dataset/mjs/mjs/tests/unit_test.c@ffi_test_i6i,0.02
/home/a/fuzz/DPfuzz/dataset/mjs/mjs/tests/unit_test.c@ffi_test_d2d,0
/home/a/fuzz/DPfuzz/dataset/mjs/mjs/tests/unit_test.c@ffi_test_iid,0.05333333333333333
/home/a/fuzz/DPfuzz/dataset/mjs/mjs/tests/unit_test.c@ffi_test_s1s,0
/home/a/fuzz/DPfuzz/dataset/mjs/mjs/tests/unit_test.c@ffi_test_cb_vu,0.04
/home/a/fuzz/DPfuzz/dataset/mjs/mjs/tests/unit_test.c@ffi_dummy,0
/home/a/fuzz/DPfuzz/dataset/mjs/mjs/tests/unit_test.c@ffi_test_cb_viu,0.04
/home/a/fuzz/DPfuzz/dataset/mjs/mjs/tests/unit_test.c@ffi_test_cb_vui,0.04
/home/a/fuzz/DPfuzz/dataset/mjs/mjs/tests/unit_test.c@ffi_test_cb_iiui,0.05333333333333333
/home/a/fuzz/DPfuzz/dataset/mjs/mjs/tests/unit_test.c@ffi_test_cb_iiui2,0.16
/home/a/fuzz/DPfuzz/dataset/mjs/mjs/tests/unit_test.c@ffi_test_cb_viiiiiu,0.05333333333333333
/home/a/fuzz/DPfuzz/dataset/mjs/mjs/tests/unit_test.c@ffi_test_inbuf,0.16
/home/a/fuzz/DPfuzz/dataset/mjs/mjs/tests/unit_test.c@round,0
/home/a/fuzz/DPfuzz/dataset/mjs/mjs/tests/unit_test.c@fmax,0
/home/a/fuzz/DPfuzz/dataset/mjs/mjs/tests/unit_test.c@fmin,0
/home/a/fuzz/DPfuzz/dataset/mjs/mjs/tests/unit_test.c@stub_dlsym,0.36
/home/a/fuzz/DPfuzz/dataset/mjs/mjs/tests/unit_test.c@test_parse_ffi_signature,0.6475
/home/a/fuzz/DPfuzz/dataset/mjs/mjs/tests/unit_test.c@test_call_ffi,0.32
/home/a/fuzz/DPfuzz/dataset/mjs/mjs/tests/unit_test.c@test_call_ffi_cb_vu,0.56
/home/a/fuzz/DPfuzz/dataset/mjs/mjs/tests/unit_test.c@test_call_ffi_cb_viu,0.52
/home/a/fuzz/DPfuzz/dataset/mjs/mjs/tests/unit_test.c@test_call_ffi_cb_vui,0.52
/home/a/fuzz/DPfuzz/dataset/mjs/mjs/tests/unit_test.c@test_call_ffi_cb_vui_unused_userdata,0.56
/home/a/fuzz/DPfuzz/dataset/mjs/mjs/tests/unit_test.c@test_call_ffi_cb_iiui,0.44
/home/a/fuzz/DPfuzz/dataset/mjs/mjs/tests/unit_test.c@test_call_ffi_cb_err,0.52
/home/a/fuzz/DPfuzz/dataset/mjs/mjs/tests/unit_test.c@test_errors,0.52
/home/a/fuzz/DPfuzz/dataset/mjs/mjs/tests/unit_test.c@test_this,0.24044444444444443
/home/a/fuzz/DPfuzz/dataset/mjs/mjs/tests/unit_test.c@test_while,0.12
/home/a/fuzz/DPfuzz/dataset/mjs/mjs/tests/unit_test.c@test_for_loop,0.44
/home/a/fuzz/DPfuzz/dataset/mjs/mjs/tests/unit_test.c@test_for_in_loop,0.12
/home/a/fuzz/DPfuzz/dataset/mjs/mjs/tests/unit_test.c@test_primitives,0.32
/home/a/fuzz/DPfuzz/dataset/mjs/mjs/tests/unit_test.c@test_objects,0.24
/home/a/fuzz/DPfuzz/dataset/mjs/mjs/tests/unit_test.c@test_arrays,0.4475
/home/a/fuzz/DPfuzz/dataset/mjs/mjs/tests/unit_test.c@test_json,0.52
/home/a/fuzz/DPfuzz/dataset/mjs/mjs/tests/unit_test.c@test_string,0.4875
/home/a/fuzz/DPfuzz/dataset/mjs/mjs/tests/unit_test.c@test_call_api,0.4
/home/a/fuzz/DPfuzz/dataset/mjs/mjs/tests/unit_test.c@test_long_jump,0.4075
/home/a/fuzz/DPfuzz/dataset/mjs/mjs/tests/unit_test.c@test_foreign_str,0.44
/home/a/fuzz/DPfuzz/dataset/mjs/mjs/tests/unit_test.c@test_foreign_ptr,0.24
/home/a/fuzz/DPfuzz/dataset/mjs/mjs/tests/unit_test.c@test_backtrace,0.32
/home/a/fuzz/DPfuzz/dataset/mjs/mjs/tests/unit_test.c@test_load,0.5275
/home/a/fuzz/DPfuzz/dataset/mjs/mjs/tests/unit_test.c@test_dataview,0.44
/home/a/fuzz/DPfuzz/dataset/mjs/mjs/tests/unit_test.c@test_lib_math,0.44
/home/a/fuzz/DPfuzz/dataset/mjs/mjs/tests/unit_test.c@get_my_struct,0
/home/a/fuzz/DPfuzz/dataset/mjs/mjs/tests/unit_test.c@get_my_struct_descr,0
/home/a/fuzz/DPfuzz/dataset/mjs/mjs/tests/unit_test.c@test_s2o,0.6
/home/a/fuzz/DPfuzz/dataset/mjs/mjs/tests/unit_test.c@test_parser,0.36
/home/a/fuzz/DPfuzz/dataset/mjs/mjs/tests/unit_test.c@tests_setup,0
/home/a/fuzz/DPfuzz/dataset/mjs/mjs/tests/unit_test.c@tests_run,0.56
/home/a/fuzz/DPfuzz/dataset/mjs/mjs/tests/unit_test.c@tests_teardown,0
/home/a/fuzz/DPfuzz/dataset/mjs/common/platforms/windows/windows_direct.c@rmdir,0
/home/a/fuzz/DPfuzz/dataset/mjs/common/platforms/windows/windows_direct.c@sleep,0
/home/a/fuzz/DPfuzz/dataset/mjs/common/platforms/msp432/msp432_libc.c@gettimeofday,0.04
/home/a/fuzz/DPfuzz/dataset/mjs/common/platforms/wince/wince_libc.c@strerror,0.04
/home/a/fuzz/DPfuzz/dataset/mjs/common/platforms/wince/wince_libc.c@open,0.08
/home/a/fuzz/DPfuzz/dataset/mjs/common/platforms/wince/wince_libc.c@_wstati64,0.12
/home/a/fuzz/DPfuzz/dataset/mjs/common/platforms/wince/wince_libc.c@mg_gmt_time_string,0.24
/home/a/fuzz/DPfuzz/dataset/mjs/common/platforms/nrf5/nrf5_libc.c@gettimeofday,0
/home/a/fuzz/DPfuzz/dataset/mjs/common/platforms/esp32/stubs/uart.c@set_baud_rate,0
/home/a/fuzz/DPfuzz/dataset/mjs/common/platforms/esp32/stubs/led.c@led_setup,0.16
/home/a/fuzz/DPfuzz/dataset/mjs/common/platforms/esp32/stubs/led.c@led_on,0.16
/home/a/fuzz/DPfuzz/dataset/mjs/common/platforms/esp32/stubs/led.c@led_off,0.16
/home/a/fuzz/DPfuzz/dataset/mjs/common/platforms/esp32/stubs/led.c@led_toggle,0.12
/home/a/fuzz/DPfuzz/dataset/mjs/common/platforms/esp32/stubs/stub_hello.c@stub_main,0.04
/home/a/fuzz/DPfuzz/dataset/mjs/common/platforms/arm/arm_exc.c@save_s16_s31,0.2
/home/a/fuzz/DPfuzz/dataset/mjs/common/platforms/arm/arm_exc.c@print_fpu_regs,0
/home/a/fuzz/DPfuzz/dataset/mjs/common/platforms/arm/arm_exc.c@arm_exc_handler_bottom,0.32
/home/a/fuzz/DPfuzz/dataset/mjs/common/platforms/lwip/mg_lwip_net_if.c@mg_lwip_set_keepalive_params,0.12
/home/a/fuzz/DPfuzz/dataset/mjs/common/platforms/lwip/mg_lwip_net_if.c@mg_lwip_tcp_conn_cb,0.12
/home/a/fuzz/DPfuzz/dataset/mjs/common/platforms/lwip/mg_lwip_net_if.c@mg_lwip_tcp_error_cb,0.2
/home/a/fuzz/DPfuzz/dataset/mjs/common/platforms/lwip/mg_lwip_net_if.c@mg_lwip_tcp_recv_cb,0.16
/home/a/fuzz/DPfuzz/dataset/mjs/common/platforms/lwip/mg_lwip_net_if.c@mg_lwip_tcp_sent_cb,0.04
/home/a/fuzz/DPfuzz/dataset/mjs/common/platforms/lwip/mg_lwip_net_if.c@mg_lwip_if_connect_tcp_tcpip,0.16
/home/a/fuzz/DPfuzz/dataset/mjs/common/platforms/lwip/mg_lwip_net_if.c@mg_lwip_if_connect_tcp,0
/home/a/fuzz/DPfuzz/dataset/mjs/common/platforms/lwip/mg_lwip_net_if.c@mg_lwip_udp_recv_cb,0.24
/home/a/fuzz/DPfuzz/dataset/mjs/common/platforms/lwip/mg_lwip_net_if.c@mg_lwip_recv_common,0.2
/home/a/fuzz/DPfuzz/dataset/mjs/common/platforms/lwip/mg_lwip_net_if.c@mg_lwip_if_udp_recv,0.24
/home/a/fuzz/DPfuzz/dataset/mjs/common/platforms/lwip/mg_lwip_net_if.c@mg_lwip_if_connect_udp_tcpip,0.2
/home/a/fuzz/DPfuzz/dataset/mjs/common/platforms/lwip/mg_lwip_net_if.c@mg_lwip_if_connect_udp,0
/home/a/fuzz/DPfuzz/dataset/mjs/common/platforms/lwip/mg_lwip_net_if.c@tcp_close_tcpip,0
/home/a/fuzz/DPfuzz/dataset/mjs/common/platforms/lwip/mg_lwip_net_if.c@mg_lwip_handle_accept,0
/home/a/fuzz/DPfuzz/dataset/mjs/common/platforms/lwip/mg_lwip_net_if.c@mg_lwip_accept_cb,0.2
/home/a/fuzz/DPfuzz/dataset/mjs/common/platforms/lwip/mg_lwip_net_if.c@mg_lwip_if_listen_tcp_tcpip,0.16
/home/a/fuzz/DPfuzz/dataset/mjs/common/platforms/lwip/mg_lwip_net_if.c@mg_lwip_if_listen_tcp,0
/home/a/fuzz/DPfuzz/dataset/mjs/common/platforms/lwip/mg_lwip_net_if.c@mg_lwip_if_listen_udp_tcpip,0.16
/home/a/fuzz/DPfuzz/dataset/mjs/common/platforms/lwip/mg_lwip_net_if.c@mg_lwip_if_listen_udp,0
/home/a/fuzz/DPfuzz/dataset/mjs/common/platforms/lwip/mg_lwip_net_if.c@tcp_output_tcpip,0
/home/a/fuzz/DPfuzz/dataset/mjs/common/platforms/lwip/mg_lwip_net_if.c@mg_lwip_tcp_write_tcpip,0.04
/home/a/fuzz/DPfuzz/dataset/mjs/common/platforms/lwip/mg_lwip_net_if.c@mg_lwip_if_tcp_send,0.04
/home/a/fuzz/DPfuzz/dataset/mjs/common/platforms/lwip/mg_lwip_net_if.c@udp_sendto_tcpip,0
/home/a/fuzz/DPfuzz/dataset/mjs/common/platforms/lwip/mg_lwip_net_if.c@mg_lwip_if_udp_send,0.12
/home/a/fuzz/DPfuzz/dataset/mjs/common/platforms/lwip/mg_lwip_net_if.c@mg_lwip_if_can_send,0.04
/home/a/fuzz/DPfuzz/dataset/mjs/common/platforms/lwip/mg_lwip_net_if.c@tcp_recved_tcpip,0
/home/a/fuzz/DPfuzz/dataset/mjs/common/platforms/lwip/mg_lwip_net_if.c@mg_lwip_if_tcp_recv,0.16
/home/a/fuzz/DPfuzz/dataset/mjs/common/platforms/lwip/mg_lwip_net_if.c@mg_lwip_if_create_conn,0
/home/a/fuzz/DPfuzz/dataset/mjs/common/platforms/lwip/mg_lwip_net_if.c@udp_remove_tcpip,0
/home/a/fuzz/DPfuzz/dataset/mjs/common/platforms/lwip/mg_lwip_net_if.c@mg_lwip_if_destroy_conn,0.08
/home/a/fuzz/DPfuzz/dataset/mjs/common/platforms/lwip/mg_lwip_net_if.c@mg_lwip_if_get_conn_addr,0.12
/home/a/fuzz/DPfuzz/dataset/mjs/common/platforms/lwip/mg_lwip_net_if.c@mg_lwip_if_sock_set,0
/home/a/fuzz/DPfuzz/dataset/mjs/common/platforms/lwip/mg_lwip_ev_mgr.c@mg_lwip_post_signal,0.16
/home/a/fuzz/DPfuzz/dataset/mjs/common/platforms/lwip/mg_lwip_ev_mgr.c@mg_ev_mgr_lwip_process_signals,0.28
/home/a/fuzz/DPfuzz/dataset/mjs/common/platforms/lwip/mg_lwip_ev_mgr.c@mg_lwip_if_init,0
/home/a/fuzz/DPfuzz/dataset/mjs/common/platforms/lwip/mg_lwip_ev_mgr.c@mg_lwip_if_free,0
/home/a/fuzz/DPfuzz/dataset/mjs/common/platforms/lwip/mg_lwip_ev_mgr.c@mg_lwip_if_add_conn,0.008
/home/a/fuzz/DPfuzz/dataset/mjs/common/platforms/lwip/mg_lwip_ev_mgr.c@mg_lwip_if_remove_conn,0.15
/home/a/fuzz/DPfuzz/dataset/mjs/common/platforms/lwip/mg_lwip_ev_mgr.c@mg_lwip_if_poll,0.2
/home/a/fuzz/DPfuzz/dataset/mjs/common/platforms/lwip/mg_lwip_ev_mgr.c@mg_lwip_get_poll_delay_ms,0.16
/home/a/fuzz/DPfuzz/dataset/mjs/common/platforms/cc3200/cc3200_libc.c@asprintf,0.16
/home/a/fuzz/DPfuzz/dataset/mjs/common/platforms/cc3200/cc3200_libc.c@HOSTtime,0
/home/a/fuzz/DPfuzz/dataset/mjs/common/platforms/cc3200/cc3200_libc.c@fprint_str,0.003833333333333333
/home/a/fuzz/DPfuzz/dataset/mjs/common/platforms/cc3200/cc3200_libc.c@_exit,0.12
/home/a/fuzz/DPfuzz/dataset/mjs/common/platforms/cc3200/cc3200_libc.c@_not_implemented,0.019047619047619046
/home/a/fuzz/DPfuzz/dataset/mjs/common/platforms/cc3200/cc3200_libc.c@_kill,0.0025
/home/a/fuzz/DPfuzz/dataset/mjs/common/platforms/cc3200/cc3200_libc.c@_getpid,0
/home/a/fuzz/DPfuzz/dataset/mjs/common/platforms/cc3200/cc3200_libc.c@_isatty,0.008
/home/a/fuzz/DPfuzz/dataset/mjs/common/platforms/simplelink/sl_fs_slfs.c@slfs_open,0
/home/a/fuzz/DPfuzz/dataset/mjs/common/platforms/simplelink/sl_fs_slfs.c@sl_fs_to_errno,0.04
/home/a/fuzz/DPfuzz/dataset/mjs/common/platforms/simplelink/sl_fs_slfs.c@fs_slfs_open,0.2
/home/a/fuzz/DPfuzz/dataset/mjs/common/platforms/simplelink/sl_fs_slfs.c@fs_slfs_close,0
/home/a/fuzz/DPfuzz/dataset/mjs/common/platforms/simplelink/sl_fs_slfs.c@fs_slfs_read,0.16
/home/a/fuzz/DPfuzz/dataset/mjs/common/platforms/simplelink/sl_fs_slfs.c@fs_slfs_write,0.24
/home/a/fuzz/DPfuzz/dataset/mjs/common/platforms/simplelink/sl_fs_slfs.c@fs_slfs_stat,0.16
/home/a/fuzz/DPfuzz/dataset/mjs/common/platforms/simplelink/sl_fs_slfs.c@fs_slfs_fstat,0.04
/home/a/fuzz/DPfuzz/dataset/mjs/common/platforms/simplelink/sl_fs_slfs.c@fs_slfs_lseek,0.08
/home/a/fuzz/DPfuzz/dataset/mjs/common/platforms/simplelink/sl_fs_slfs.c@fs_slfs_unlink,0
/home/a/fuzz/DPfuzz/dataset/mjs/common/platforms/simplelink/sl_fs_slfs.c@fs_slfs_rename,0
/home/a/fuzz/DPfuzz/dataset/mjs/common/platforms/simplelink/sl_fs_slfs.c@fs_slfs_set_new_file_size,0.2
/home/a/fuzz/DPfuzz/dataset/mjs/common/platforms/simplelink/sl_net_if.c@mg_set_non_blocking_mode,0
/home/a/fuzz/DPfuzz/dataset/mjs/common/platforms/simplelink/sl_net_if.c@mg_is_error,0
/home/a/fuzz/DPfuzz/dataset/mjs/common/platforms/simplelink/sl_net_if.c@mg_sl_if_connect_tcp,0.04
/home/a/fuzz/DPfuzz/dataset/mjs/common/platforms/simplelink/sl_net_if.c@mg_sl_if_connect_udp,0
/home/a/fuzz/DPfuzz/dataset/mjs/common/platforms/simplelink/sl_net_if.c@mg_sl_if_listen_tcp,0.04
/home/a/fuzz/DPfuzz/dataset/mjs/common/platforms/simplelink/sl_net_if.c@mg_sl_if_listen_udp,0.08
/home/a/fuzz/DPfuzz/dataset/mjs/common/platforms/simplelink/sl_net_if.c@mg_sl_if_tcp_send,0
/home/a/fuzz/DPfuzz/dataset/mjs/common/platforms/simplelink/sl_net_if.c@mg_sl_if_udp_send,0
/home/a/fuzz/DPfuzz/dataset/mjs/common/platforms/simplelink/sl_net_if.c@mg_sl_if_tcp_recv,0.04
/home/a/fuzz/DPfuzz/dataset/mjs/common/platforms/simplelink/sl_net_if.c@mg_sl_if_udp_recv,0.04
/home/a/fuzz/DPfuzz/dataset/mjs/common/platforms/simplelink/sl_net_if.c@mg_sl_if_create_conn,0
/home/a/fuzz/DPfuzz/dataset/mjs/common/platforms/simplelink/sl_net_if.c@mg_sl_if_destroy_conn,0
/home/a/fuzz/DPfuzz/dataset/mjs/common/platforms/simplelink/sl_net_if.c@mg_accept_conn,0.16
/home/a/fuzz/DPfuzz/dataset/mjs/common/platforms/simplelink/sl_net_if.c@mg_open_listening_socket,0.12
/home/a/fuzz/DPfuzz/dataset/mjs/common/platforms/simplelink/sl_net_if.c@mg_mgr_handle_conn,0.2
/home/a/fuzz/DPfuzz/dataset/mjs/common/platforms/simplelink/sl_net_if.c@mg_sl_if_sock_set,0
/home/a/fuzz/DPfuzz/dataset/mjs/common/platforms/simplelink/sl_net_if.c@mg_sl_if_init,0
/home/a/fuzz/DPfuzz/dataset/mjs/common/platforms/simplelink/sl_net_if.c@mg_sl_if_free,0
/home/a/fuzz/DPfuzz/dataset/mjs/common/platforms/simplelink/sl_net_if.c@mg_sl_if_add_conn,0
/home/a/fuzz/DPfuzz/dataset/mjs/common/platforms/simplelink/sl_net_if.c@mg_sl_if_remove_conn,0
/home/a/fuzz/DPfuzz/dataset/mjs/common/platforms/simplelink/sl_net_if.c@mg_sl_if_poll,0.12
/home/a/fuzz/DPfuzz/dataset/mjs/common/platforms/simplelink/sl_net_if.c@mg_sl_if_get_conn_addr,0.08
/home/a/fuzz/DPfuzz/dataset/mjs/common/platforms/simplelink/sl_net_if.c@sl_restart_cb,0.04
/home/a/fuzz/DPfuzz/dataset/mjs/common/platforms/simplelink/sl_mg_task.c@mg_start_task,0.23
/home/a/fuzz/DPfuzz/dataset/mjs/common/platforms/simplelink/sl_mg_task.c@mg_task,0.08
/home/a/fuzz/DPfuzz/dataset/mjs/common/platforms/simplelink/sl_mg_task.c@mg_run_in_task,0
/home/a/fuzz/DPfuzz/dataset/mjs/common/platforms/simplelink/sl_ssl_if.c@mg_ssl_if_init,0
/home/a/fuzz/DPfuzz/dataset/mjs/common/platforms/simplelink/sl_ssl_if.c@mg_ssl_if_conn_init,0.12
/home/a/fuzz/DPfuzz/dataset/mjs/common/platforms/simplelink/sl_ssl_if.c@mg_ssl_if_conn_accept,0.08
/home/a/fuzz/DPfuzz/dataset/mjs/common/platforms/simplelink/sl_ssl_if.c@mg_ssl_if_handshake,0
/home/a/fuzz/DPfuzz/dataset/mjs/common/platforms/simplelink/sl_ssl_if.c@mg_ssl_if_read,0
/home/a/fuzz/DPfuzz/dataset/mjs/common/platforms/simplelink/sl_ssl_if.c@mg_ssl_if_write,0.04
/home/a/fuzz/DPfuzz/dataset/mjs/common/platforms/simplelink/sl_ssl_if.c@mg_ssl_if_conn_close_notify,0
/home/a/fuzz/DPfuzz/dataset/mjs/common/platforms/simplelink/sl_ssl_if.c@mg_ssl_if_conn_free,0.2
/home/a/fuzz/DPfuzz/dataset/mjs/common/platforms/simplelink/sl_ssl_if.c@pem_to_der,0.08
/home/a/fuzz/DPfuzz/dataset/mjs/common/platforms/simplelink/sl_ssl_if.c@sl_pem2der,0
/home/a/fuzz/DPfuzz/dataset/mjs/common/platforms/simplelink/sl_ssl_if.c@sl_set_ssl_opts,0.08
/home/a/fuzz/DPfuzz/dataset/mjs/common/platforms/simplelink/sl_fs.c@set_errno,0
/home/a/fuzz/DPfuzz/dataset/mjs/common/platforms/simplelink/sl_fs.c@drop_dir,0.12
/home/a/fuzz/DPfuzz/dataset/mjs/common/platforms/simplelink/sl_fs.c@fd_type,0.04
/home/a/fuzz/DPfuzz/dataset/mjs/common/platforms/simplelink/sl_socket.c@inet_ntop,0.28
/home/a/fuzz/DPfuzz/dataset/mjs/common/platforms/simplelink/sl_socket.c@inet_ntoa,0
/home/a/fuzz/DPfuzz/dataset/mjs/common/platforms/simplelink/sl_socket.c@inet_pton,0.04
/home/a/fuzz/DPfuzz/dataset/mjs/common/platforms/esp31/rom/notes.c@_X_get_rst_cause,0.22666666666666666
/home/a/fuzz/DPfuzz/dataset/mjs/common/platforms/esp31/rom/notes.c@main,0.28
/home/a/fuzz/DPfuzz/dataset/mjs/common/platforms/esp31/rom/notes.c@_X_uart_attach,0.28
/home/a/fuzz/DPfuzz/dataset/mjs/common/platforms/esp31/rom/notes.c@_X_uart_init,0.22666666666666666
/home/a/fuzz/DPfuzz/dataset/mjs/common/platforms/esp31/rom/notes.c@_X_slc_init_attach,0.08
/home/a/fuzz/DPfuzz/dataset/mjs/common/platforms/esp31/rom/notes.c@_X_slc_set_host_io_max_window,0
/home/a/fuzz/DPfuzz/dataset/mjs/common/platforms/pic32/pic32_net_if.c@mg_pic32_if_create_conn,0
/home/a/fuzz/DPfuzz/dataset/mjs/common/platforms/pic32/pic32_net_if.c@mg_pic32_if_recved,0
/home/a/fuzz/DPfuzz/dataset/mjs/common/platforms/pic32/pic32_net_if.c@mg_pic32_if_add_conn,0
/home/a/fuzz/DPfuzz/dataset/mjs/common/platforms/pic32/pic32_net_if.c@mg_pic32_if_init,0
/home/a/fuzz/DPfuzz/dataset/mjs/common/platforms/pic32/pic32_net_if.c@mg_pic32_if_free,0
/home/a/fuzz/DPfuzz/dataset/mjs/common/platforms/pic32/pic32_net_if.c@mg_pic32_if_remove_conn,0
/home/a/fuzz/DPfuzz/dataset/mjs/common/platforms/pic32/pic32_net_if.c@mg_pic32_if_destroy_conn,0.08
/home/a/fuzz/DPfuzz/dataset/mjs/common/platforms/pic32/pic32_net_if.c@mg_pic32_if_listen_udp,0
/home/a/fuzz/DPfuzz/dataset/mjs/common/platforms/pic32/pic32_net_if.c@mg_pic32_if_udp_send,0.04
/home/a/fuzz/DPfuzz/dataset/mjs/common/platforms/pic32/pic32_net_if.c@mg_pic32_if_tcp_send,0.04
/home/a/fuzz/DPfuzz/dataset/mjs/common/platforms/pic32/pic32_net_if.c@mg_pic32_if_listen_tcp,0
/home/a/fuzz/DPfuzz/dataset/mjs/common/platforms/pic32/pic32_net_if.c@mg_accept_conn,0.12
/home/a/fuzz/DPfuzz/dataset/mjs/common/platforms/pic32/pic32_net_if.c@inet_ntoa,0.08
/home/a/fuzz/DPfuzz/dataset/mjs/common/platforms/pic32/pic32_net_if.c@mg_handle_send,0.08
/home/a/fuzz/DPfuzz/dataset/mjs/common/platforms/pic32/pic32_net_if.c@mg_handle_recv,0.08
/home/a/fuzz/DPfuzz/dataset/mjs/common/platforms/pic32/pic32_net_if.c@mg_pic32_if_poll,0.08
/home/a/fuzz/DPfuzz/dataset/mjs/common/platforms/pic32/pic32_net_if.c@mg_pic32_if_sock_set,0
/home/a/fuzz/DPfuzz/dataset/mjs/common/platforms/pic32/pic32_net_if.c@mg_pic32_if_get_conn_addr,0.04
/home/a/fuzz/DPfuzz/dataset/mjs/common/platforms/pic32/pic32_net_if.c@mg_pic32_if_connect_tcp,0
/home/a/fuzz/DPfuzz/dataset/mjs/common/platforms/pic32/pic32_net_if.c@mg_pic32_if_connect_udp,0
/home/a/fuzz/DPfuzz/dataset/mjs/common/platforms/esp/stub_flasher.c@ccount,0
/home/a/fuzz/DPfuzz/dataset/mjs/common/platforms/esp/stub_flasher.c@next_write_buf,0.08
/home/a/fuzz/DPfuzz/dataset/mjs/common/platforms/esp/stub_flasher.c@add_byte,0.12
/home/a/fuzz/DPfuzz/dataset/mjs/common/platforms/esp/stub_flasher.c@uart_isr,0.084
/home/a/fuzz/DPfuzz/dataset/mjs/common/platforms/esp/stub_flasher.c@esp_rom_spiflash_erase_start,0.16
/home/a/fuzz/DPfuzz/dataset/mjs/common/platforms/esp/stub_flasher.c@do_flash_write,0.4
/home/a/fuzz/DPfuzz/dataset/mjs/common/platforms/esp/stub_flasher.c@do_flash_read,0.24
/home/a/fuzz/DPfuzz/dataset/mjs/common/platforms/esp/stub_flasher.c@do_flash_digest,0.12066666666666666
/home/a/fuzz/DPfuzz/dataset/mjs/common/platforms/esp/stub_flasher.c@do_flash_read_chip_id,0.04
/home/a/fuzz/DPfuzz/dataset/mjs/common/platforms/esp/stub_flasher.c@cmd_loop,0.08666666666666668
/home/a/fuzz/DPfuzz/dataset/mjs/common/platforms/esp/stub_flasher.c@stub_main1,0.24
/home/a/fuzz/DPfuzz/dataset/mjs/common/platforms/esp/stub_flasher.c@stub_main,0.08
/home/a/fuzz/DPfuzz/dataset/mjs/common/platforms/esp/slip.c@SLIP_send,0
/home/a/fuzz/DPfuzz/dataset/mjs/common/platforms/esp/slip.c@SLIP_recv,0.2
/home/a/fuzz/DPfuzz/dataset/mjs/common/platforms/stm32/common.c@write_uint32,0.2
/home/a/fuzz/DPfuzz/dataset/mjs/common/platforms/stm32/common.c@write_uint16,0.16
/home/a/fuzz/DPfuzz/dataset/mjs/common/platforms/stm32/common.c@read_uint32,0.44
/home/a/fuzz/DPfuzz/dataset/mjs/common/platforms/stm32/common.c@read_flash_rdp,0.005714285714285714
/home/a/fuzz/DPfuzz/dataset/mjs/common/platforms/stm32/common.c@read_flash_cr,0.005714285714285714
/home/a/fuzz/DPfuzz/dataset/mjs/common/platforms/stm32/common.c@is_flash_locked,0
/home/a/fuzz/DPfuzz/dataset/mjs/common/platforms/stm32/common.c@unlock_flash,0
/home/a/fuzz/DPfuzz/dataset/mjs/common/platforms/stm32/common.c@unlock_flash_if,0.2
/home/a/fuzz/DPfuzz/dataset/mjs/common/platforms/stm32/common.c@lock_flash,0
/home/a/fuzz/DPfuzz/dataset/mjs/common/platforms/stm32/common.c@set_flash_cr_pg,0.28
/home/a/fuzz/DPfuzz/dataset/mjs/common/platforms/stm32/common.c@clear_flash_cr_pg,0.08
/home/a/fuzz/DPfuzz/dataset/mjs/common/platforms/stm32/common.c@set_flash_cr_per,0
/home/a/fuzz/DPfuzz/dataset/mjs/common/platforms/stm32/common.c@clear_flash_cr_per,0
/home/a/fuzz/DPfuzz/dataset/mjs/common/platforms/stm32/common.c@set_flash_cr_mer,0.44
/home/a/fuzz/DPfuzz/dataset/mjs/common/platforms/stm32/common.c@clear_flash_cr_mer,0.28
/home/a/fuzz/DPfuzz/dataset/mjs/common/platforms/stm32/common.c@set_flash_cr_strt,0.24
/home/a/fuzz/DPfuzz/dataset/mjs/common/platforms/stm32/common.c@read_flash_sr,0
/home/a/fuzz/DPfuzz/dataset/mjs/common/platforms/stm32/common.c@is_flash_busy,0
/home/a/fuzz/DPfuzz/dataset/mjs/common/platforms/stm32/common.c@wait_flash_busy,0
/home/a/fuzz/DPfuzz/dataset/mjs/common/platforms/stm32/common.c@wait_flash_busy_progress,0
/home/a/fuzz/DPfuzz/dataset/mjs/common/platforms/stm32/common.c@is_flash_eop,0
/home/a/fuzz/DPfuzz/dataset/mjs/common/platforms/stm32/common.c@clear_flash_sr_eop,0
/home/a/fuzz/DPfuzz/dataset/mjs/common/platforms/stm32/common.c@wait_flash_eop,0
/home/a/fuzz/DPfuzz/dataset/mjs/common/platforms/stm32/common.c@write_flash_ar,0
/home/a/fuzz/DPfuzz/dataset/mjs/common/platforms/stm32/common.c@write_flash_cr_psiz,0.08
/home/a/fuzz/DPfuzz/dataset/mjs/common/platforms/stm32/common.c@write_flash_cr_snb,0.12
/home/a/fuzz/DPfuzz/dataset/mjs/common/platforms/stm32/common.c@write_flash_cr_bker_pnb,0.24
/home/a/fuzz/DPfuzz/dataset/mjs/common/platforms/stm32/common.c@stlink_close,0
/home/a/fuzz/DPfuzz/dataset/mjs/common/platforms/stm32/common.c@stlink_exit_debug_mode,0
/home/a/fuzz/DPfuzz/dataset/mjs/common/platforms/stm32/common.c@stlink_enter_swd_mode,0
/home/a/fuzz/DPfuzz/dataset/mjs/common/platforms/stm32/common.c@stlink_force_debug,0
/home/a/fuzz/DPfuzz/dataset/mjs/common/platforms/stm32/common.c@stlink_exit_dfu_mode,0
/home/a/fuzz/DPfuzz/dataset/mjs/common/platforms/stm32/common.c@stlink_core_id,0.19
/home/a/fuzz/DPfuzz/dataset/mjs/common/platforms/stm32/common.c@stlink_chip_id,0.2
/home/a/fuzz/DPfuzz/dataset/mjs/common/platforms/stm32/common.c@stlink_load_device_params,0.36066666666666664
/home/a/fuzz/DPfuzz/dataset/mjs/common/platforms/stm32/common.c@stlink_reset,0
/home/a/fuzz/DPfuzz/dataset/mjs/common/platforms/stm32/common.c@stlink_jtag_reset,0
/home/a/fuzz/DPfuzz/dataset/mjs/common/platforms/stm32/common.c@stlink_run,0
/home/a/fuzz/DPfuzz/dataset/mjs/common/platforms/stm32/common.c@stlink_set_swdclk,0
/home/a/fuzz/DPfuzz/dataset/mjs/common/platforms/stm32/common.c@stlink_status,0.08
/home/a/fuzz/DPfuzz/dataset/mjs/common/platforms/stm32/common.c@stlink_target_voltage,0
/home/a/fuzz/DPfuzz/dataset/mjs/common/platforms/stm32/common.c@stlink_read_debug32,0.005714285714285714
/home/a/fuzz/DPfuzz/dataset/mjs/common/platforms/stm32/common.c@stlink_write_debug32,0.005714285714285714
/home/a/fuzz/DPfuzz/dataset/mjs/common/platforms/stm32/common.c@stlink_write_mem32,0.12
/home/a/fuzz/DPfuzz/dataset/mjs/common/platforms/stm32/common.c@stlink_read_mem32,0.12
/home/a/fuzz/DPfuzz/dataset/mjs/common/platforms/stm32/common.c@stlink_write_mem8,0.04
/home/a/fuzz/DPfuzz/dataset/mjs/common/platforms/stm32/common.c@stlink_write_reg,0.005714285714285714
/home/a/fuzz/DPfuzz/dataset/mjs/common/platforms/stm32/common.c@stlink_read_reg,0
/home/a/fuzz/DPfuzz/dataset/mjs/common/platforms/stm32/common.c@stlink_is_core_halted,0.04
/home/a/fuzz/DPfuzz/dataset/mjs/common/platforms/stm32/common.c@stlink_step,0
/home/a/fuzz/DPfuzz/dataset/mjs/common/platforms/stm32/common.c@stlink_current_mode,0
/home/a/fuzz/DPfuzz/dataset/mjs/common/platforms/stm32/common.c@is_bigendian,0
/home/a/fuzz/DPfuzz/dataset/mjs/common/platforms/stm32/common.c@read_uint16,0.16
/home/a/fuzz/DPfuzz/dataset/mjs/common/platforms/stm32/common.c@stlink_run_at,0.04
/home/a/fuzz/DPfuzz/dataset/mjs/common/platforms/stm32/common.c@stlink_core_stat,0.16
/home/a/fuzz/DPfuzz/dataset/mjs/common/platforms/stm32/common.c@stlink_fwrite_finalize,0.2
/home/a/fuzz/DPfuzz/dataset/mjs/common/platforms/stm32/common.c@stlink_read,0.2
/home/a/fuzz/DPfuzz/dataset/mjs/common/platforms/stm32/common.c@write_buffer_to_sram,0.16
/home/a/fuzz/DPfuzz/dataset/mjs/common/platforms/stm32/common.c@calculate_F7_sectornum,0.12
/home/a/fuzz/DPfuzz/dataset/mjs/common/platforms/stm32/common.c@stlink_calculate_pagesize,0.04
/home/a/fuzz/DPfuzz/dataset/mjs/common/platforms/stm32/common.c@stlink_erase_flash_page,0.4
/home/a/fuzz/DPfuzz/dataset/mjs/common/platforms/stm32/common.c@stlink_verify_write_flash,0.36066666666666664
/home/a/fuzz/DPfuzz/dataset/mjs/common/platforms/stm32/common.c@stlink_write_flash,0.4
/home/a/fuzz/DPfuzz/dataset/mjs/common/platforms/stm32/usb.c@_stlink_usb_close,0.08
/home/a/fuzz/DPfuzz/dataset/mjs/common/platforms/stm32/usb.c@send_recv,0.16
/home/a/fuzz/DPfuzz/dataset/mjs/common/platforms/stm32/usb.c@send_only,0.04
/home/a/fuzz/DPfuzz/dataset/mjs/common/platforms/stm32/usb.c@fill_command,0.2875
/home/a/fuzz/DPfuzz/dataset/mjs/common/platforms/stm32/usb.c@_stlink_usb_version,0.28
/home/a/fuzz/DPfuzz/dataset/mjs/common/platforms/stm32/usb.c@_stlink_usb_target_voltage,0.4475
/home/a/fuzz/DPfuzz/dataset/mjs/common/platforms/stm32/usb.c@_stlink_usb_read_debug32,0.2
/home/a/fuzz/DPfuzz/dataset/mjs/common/platforms/stm32/usb.c@_stlink_usb_write_debug32,0.32
/home/a/fuzz/DPfuzz/dataset/mjs/common/platforms/stm32/usb.c@_stlink_usb_write_mem32,0.32
/home/a/fuzz/DPfuzz/dataset/mjs/common/platforms/stm32/usb.c@_stlink_usb_write_mem8,0.36
/home/a/fuzz/DPfuzz/dataset/mjs/common/platforms/stm32/usb.c@_stlink_usb_current_mode,0.2
/home/a/fuzz/DPfuzz/dataset/mjs/common/platforms/stm32/usb.c@_stlink_usb_core_id,0.28
/home/a/fuzz/DPfuzz/dataset/mjs/common/platforms/stm32/usb.c@_stlink_usb_status,0.36
/home/a/fuzz/DPfuzz/dataset/mjs/common/platforms/stm32/usb.c@_stlink_usb_force_debug,0.36
/home/a/fuzz/DPfuzz/dataset/mjs/common/platforms/stm32/usb.c@_stlink_usb_enter_swd_mode,0.32
/home/a/fuzz/DPfuzz/dataset/mjs/common/platforms/stm32/usb.c@_stlink_usb_exit_dfu_mode,0.24
/home/a/fuzz/DPfuzz/dataset/mjs/common/platforms/stm32/usb.c@_stlink_usb_reset,0.36
/home/a/fuzz/DPfuzz/dataset/mjs/common/platforms/stm32/usb.c@_stlink_usb_jtag_reset,0.28
/home/a/fuzz/DPfuzz/dataset/mjs/common/platforms/stm32/usb.c@_stlink_usb_step,0.36
/home/a/fuzz/DPfuzz/dataset/mjs/common/platforms/stm32/usb.c@_stlink_usb_run,0.36
/home/a/fuzz/DPfuzz/dataset/mjs/common/platforms/stm32/usb.c@_stlink_usb_set_swdclk,0.28
/home/a/fuzz/DPfuzz/dataset/mjs/common/platforms/stm32/usb.c@_stlink_usb_exit_debug_mode,0.24
/home/a/fuzz/DPfuzz/dataset/mjs/common/platforms/stm32/usb.c@_stlink_usb_read_mem32,0.4
/home/a/fuzz/DPfuzz/dataset/mjs/common/platforms/stm32/usb.c@_stlink_usb_read_reg,0.44066666666666665
/home/a/fuzz/DPfuzz/dataset/mjs/common/platforms/stm32/usb.c@_stlink_usb_write_reg,0.24
/home/a/fuzz/DPfuzz/dataset/mjs/common/platforms/stm32/usb.c@stlink_open_usb,0.49090909090909096
/home/a/fuzz/DPfuzz/dataset/mjs/common/platforms/stm32/flash.c@stm32_flash,0.28
/home/a/fuzz/DPfuzz/dataset/mjs/common/platforms/stm32/flash_loader.c@stlink_flash_loader_init,0.2
/home/a/fuzz/DPfuzz/dataset/mjs/common/platforms/stm32/flash_loader.c@stlink_flash_loader_write_to_sram,0.2
/home/a/fuzz/DPfuzz/dataset/mjs/common/platforms/stm32/flash_loader.c@stlink_flash_loader_run,0.16066666666666665
/home/a/fuzz/DPfuzz/dataset/mjs/common/platforms/esp8266/stubs/uart.c@set_baud_rate,0.05904761904761904
/home/a/fuzz/DPfuzz/dataset/mjs/common/platforms/esp8266/stubs/stub_hello.c@stub_main,0
/home/a/fuzz/DPfuzz/dataset/mjs/common/platforms/esp8266/rboot/rboot/appcode/rboot-api.c@rboot_get_config,0
/home/a/fuzz/DPfuzz/dataset/mjs/common/platforms/esp8266/rboot/rboot/appcode/rboot-api.c@rboot_set_config,0.04
/home/a/fuzz/DPfuzz/dataset/mjs/common/platforms/esp8266/rboot/rboot/appcode/rboot-api.c@rboot_get_current_rom,0
/home/a/fuzz/DPfuzz/dataset/mjs/common/platforms/esp8266/rboot/rboot/appcode/rboot-api.c@rboot_set_current_rom,0.08
/home/a/fuzz/DPfuzz/dataset/mjs/common/platforms/esp8266/rboot/rboot/appcode/rboot-api.c@rboot_write_init,0.04
/home/a/fuzz/DPfuzz/dataset/mjs/common/platforms/esp8266/rboot/rboot/appcode/rboot-api.c@rboot_write_flash,0.28
/home/a/fuzz/DPfuzz/dataset/mjs/common/platforms/esp8266/rboot/rboot/appcode/rboot-bigflash.c@__wrap_Cache_Read_Enable_New,0.16
/home/a/fuzz/DPfuzz/dataset/mjs/common/platforms/esp8266/rboot/rboot/rboot.c@check_image,0.32
/home/a/fuzz/DPfuzz/dataset/mjs/common/platforms/esp8266/rboot/rboot/rboot.c@get_gpio16,0.44
/home/a/fuzz/DPfuzz/dataset/mjs/common/platforms/esp8266/rboot/rboot/rboot.c@calc_chksum,0
/home/a/fuzz/DPfuzz/dataset/mjs/common/platforms/esp8266/rboot/rboot/rboot.c@find_image,0.3709090909090909
/home/a/fuzz/DPfuzz/dataset/mjs/common/platforms/esp8266/rboot/rboot/rboot.c@call_user_start,0.28
/home/a/fuzz/DPfuzz/dataset/mjs/common/platforms/esp8266/rboot/rboot/rboot-stage2a.c@load_rom,0.3275
/home/a/fuzz/DPfuzz/dataset/mjs/common/platforms/esp8266/rboot/rboot/rboot-stage2a.c@call_user_start,0
/home/a/fuzz/DPfuzz/dataset/mjs/common/platforms/esp8266/rboot/esptool2/esptool2_elf.c@GetElfSection,0.2
/home/a/fuzz/DPfuzz/dataset/mjs/common/platforms/esp8266/rboot/esptool2/esptool2_elf.c@GetElfSectionData,0.16066666666666665
/home/a/fuzz/DPfuzz/dataset/mjs/common/platforms/esp8266/rboot/esptool2/esptool2_elf.c@LoadElf,0.44
/home/a/fuzz/DPfuzz/dataset/mjs/common/platforms/esp8266/rboot/esptool2/esptool2_elf.c@UnloadElf,0
/home/a/fuzz/DPfuzz/dataset/mjs/common/platforms/esp8266/rboot/esptool2/esptool2.c@print,0.08
/home/a/fuzz/DPfuzz/dataset/mjs/common/platforms/esp8266/rboot/esptool2/esptool2.c@debug,0.08342857142857142
/home/a/fuzz/DPfuzz/dataset/mjs/common/platforms/esp8266/rboot/esptool2/esptool2.c@error,0.12
/home/a/fuzz/DPfuzz/dataset/mjs/common/platforms/esp8266/rboot/esptool2/esptool2.c@WriteElfSection,0.32
/home/a/fuzz/DPfuzz/dataset/mjs/common/platforms/esp8266/rboot/esptool2/esptool2.c@ExportElfSection,0.32
/home/a/fuzz/DPfuzz/dataset/mjs/common/platforms/esp8266/rboot/esptool2/esptool2.c@CreateHeaderFile,0.36
/home/a/fuzz/DPfuzz/dataset/mjs/common/platforms/esp8266/rboot/esptool2/esptool2.c@CreateBinFile,0.44
/home/a/fuzz/DPfuzz/dataset/mjs/common/platforms/esp8266/rboot/esptool2/esptool2.c@main,0.4
/home/a/fuzz/DPfuzz/dataset/mjs/common/platforms/esp8266/esp_umm_malloc.c@pvPortMalloc,0
/home/a/fuzz/DPfuzz/dataset/mjs/common/platforms/esp8266/esp_umm_malloc.c@pvPortCalloc,0
/home/a/fuzz/DPfuzz/dataset/mjs/common/platforms/esp8266/esp_umm_malloc.c@pvPortZalloc,0.27
/home/a/fuzz/DPfuzz/dataset/mjs/common/platforms/esp8266/esp_umm_malloc.c@pvPortRealloc,0
/home/a/fuzz/DPfuzz/dataset/mjs/common/platforms/esp8266/esp_umm_malloc.c@vPortFree,0
/home/a/fuzz/DPfuzz/dataset/mjs/common/platforms/esp8266/esp_umm_malloc.c@xPortGetFreeHeapSize,0
/home/a/fuzz/DPfuzz/dataset/mjs/common/platforms/esp8266/esp_umm_malloc.c@xPortWantedSizeAlign,0
/home/a/fuzz/DPfuzz/dataset/mjs/common/platforms/esp8266/esp_umm_malloc.c@esp_umm_init,0
/home/a/fuzz/DPfuzz/dataset/mjs/common/platforms/esp8266/esp_umm_malloc.c@esp_umm_oom_cb,0
/home/a/fuzz/DPfuzz/dataset/mjs/common/platforms/esp8266/esp_crypto.c@mg_hash_md5_v,0.04
/home/a/fuzz/DPfuzz/dataset/mjs/common/platforms/esp8266/esp_crypto.c@mg_hash_sha1_v,0.04
/home/a/fuzz/DPfuzz/dataset/mjs/common/platforms/esp8266/esp_crypto.c@mbedtls_aes_setkey_enc,0.08
/home/a/fuzz/DPfuzz/dataset/mjs/common/platforms/esp8266/esp_crypto.c@mbedtls_aes_setkey_dec,0.08
/home/a/fuzz/DPfuzz/dataset/mjs/common/platforms/esp8266/esp_crypto.c@mbedtls_internal_aes_encrypt,0
/home/a/fuzz/DPfuzz/dataset/mjs/common/platforms/esp8266/esp_crypto.c@mbedtls_internal_aes_decrypt,0
/home/a/fuzz/DPfuzz/dataset/mjs/common/platforms/esp8266/esp_crypto.c@mg_ssl_if_mbed_random,0.04
/home/a/fuzz/DPfuzz/dataset/mjs/common/platforms/esp8266/esp_crypto.c@atcac_sw_sha2_256,0.04
/home/a/fuzz/DPfuzz/dataset/mjs/common/platforms/mbed/mbed_libc.c@_gettimeofday,0
/home/a/fuzz/DPfuzz/dataset/mjs/common/platforms/mbed/mbed_libc.c@inet_aton,0
/home/a/fuzz/DPfuzz/dataset/mjs/common/platforms/mbed/mbed_libc.c@inet_addr,0
/home/a/fuzz/DPfuzz/dataset/mjs/common/test_util.c@_escape,0.08
/home/a/fuzz/DPfuzz/dataset/mjs/common/test_util.c@_strfail,0.16
/home/a/fuzz/DPfuzz/dataset/mjs/common/test_util.c@_assert_streq,0.12
/home/a/fuzz/DPfuzz/dataset/mjs/common/test_util.c@_assert_streq_nz,0
/home/a/fuzz/DPfuzz/dataset/mjs/common/test_util.c@c_str_ne,0
/home/a/fuzz/DPfuzz/dataset/mjs/common/test_util.c@c_int_ne,0
/home/a/fuzz/DPfuzz/dataset/mjs/common/test_util.c@c_int_eq,0
/home/a/fuzz/DPfuzz/dataset/mjs/common/test_util.c@poll_until,0.12
/home/a/fuzz/DPfuzz/dataset/mjs/common/cs_varint.c@cs_varint_llen,0
/home/a/fuzz/DPfuzz/dataset/mjs/common/cs_varint.c@cs_varint_encode,0.12
/home/a/fuzz/DPfuzz/dataset/mjs/common/cs_varint.c@cs_varint_decode,0.2806666666666667
/home/a/fuzz/DPfuzz/dataset/mjs/common/cs_varint.c@cs_varint_decode_unsafe,0.12
/home/a/fuzz/DPfuzz/dataset/mjs/common/mbuf.c@mbuf_init,0
/home/a/fuzz/DPfuzz/dataset/mjs/common/mbuf.c@mbuf_free,0
/home/a/fuzz/DPfuzz/dataset/mjs/common/mbuf.c@mbuf_resize,0.08
/home/a/fuzz/DPfuzz/dataset/mjs/common/mbuf.c@mbuf_trim,0
/home/a/fuzz/DPfuzz/dataset/mjs/common/mbuf.c@mbuf_insert,0.24
/home/a/fuzz/DPfuzz/dataset/mjs/common/mbuf.c@mbuf_append,0.04
/home/a/fuzz/DPfuzz/dataset/mjs/common/mbuf.c@mbuf_remove,0.04
/home/a/fuzz/DPfuzz/dataset/mjs/common/cs_time.c@cs_time,0.28
/home/a/fuzz/DPfuzz/dataset/mjs/common/cs_time.c@cs_timegm,0.36
/home/a/fuzz/DPfuzz/dataset/mjs/common/cs_file.c@cs_read_file,0.16
/home/a/fuzz/DPfuzz/dataset/mjs/common/cs_file.c@cs_mmap_file,0.2
/home/a/fuzz/DPfuzz/dataset/mjs/common/str_util.c@c_strnlen,0
/home/a/fuzz/DPfuzz/dataset/mjs/common/str_util.c@c_vsnprintf,0.4509090909090909
/home/a/fuzz/DPfuzz/dataset/mjs/common/str_util.c@c_itoa,0.12
/home/a/fuzz/DPfuzz/dataset/mjs/common/str_util.c@c_snprintf,0.08
/home/a/fuzz/DPfuzz/dataset/mjs/common/str_util.c@to_wchar,0.16
/home/a/fuzz/DPfuzz/dataset/mjs/common/str_util.c@c_strnstr,0.12
/home/a/fuzz/DPfuzz/dataset/mjs/common/str_util.c@strdup,0
/home/a/fuzz/DPfuzz/dataset/mjs/common/str_util.c@cs_to_hex,0.08
/home/a/fuzz/DPfuzz/dataset/mjs/common/str_util.c@fourbit,0.12
/home/a/fuzz/DPfuzz/dataset/mjs/common/str_util.c@cs_from_hex,0
/home/a/fuzz/DPfuzz/dataset/mjs/common/str_util.c@cs_to64,0.04
/home/a/fuzz/DPfuzz/dataset/mjs/common/str_util.c@str_util_lowercase,0
/home/a/fuzz/DPfuzz/dataset/mjs/common/str_util.c@mg_ncasecmp,0.08
/home/a/fuzz/DPfuzz/dataset/mjs/common/str_util.c@mg_casecmp,0
/home/a/fuzz/DPfuzz/dataset/mjs/common/str_util.c@mg_asprintf,0.04
/home/a/fuzz/DPfuzz/dataset/mjs/common/str_util.c@mg_avprintf,0.2
/home/a/fuzz/DPfuzz/dataset/mjs/common/str_util.c@mg_next_comma_list_entry,0.08
/home/a/fuzz/DPfuzz/dataset/mjs/common/str_util.c@mg_next_comma_list_entry_n,0.24
/home/a/fuzz/DPfuzz/dataset/mjs/common/str_util.c@mg_match_prefix_n,0.12
/home/a/fuzz/DPfuzz/dataset/mjs/common/str_util.c@mg_match_prefix,0.04
/home/a/fuzz/DPfuzz/dataset/mjs/common/cs_dirent.c@opendir,0.08
/home/a/fuzz/DPfuzz/dataset/mjs/common/cs_dirent.c@closedir,0.08
/home/a/fuzz/DPfuzz/dataset/mjs/common/cs_dirent.c@readdir,0.12
/home/a/fuzz/DPfuzz/dataset/mjs/common/mg_str.c@mg_mk_str,0
/home/a/fuzz/DPfuzz/dataset/mjs/common/mg_str.c@mg_mk_str_n,0
/home/a/fuzz/DPfuzz/dataset/mjs/common/mg_str.c@mg_vcmp,0.04
/home/a/fuzz/DPfuzz/dataset/mjs/common/mg_str.c@mg_vcasecmp,0.04
/home/a/fuzz/DPfuzz/dataset/mjs/common/mg_str.c@mg_strdup_common,0.04
/home/a/fuzz/DPfuzz/dataset/mjs/common/mg_str.c@mg_strdup,0
/home/a/fuzz/DPfuzz/dataset/mjs/common/mg_str.c@mg_strdup_nul,0
/home/a/fuzz/DPfuzz/dataset/mjs/common/mg_str.c@mg_strchr,0.12
/home/a/fuzz/DPfuzz/dataset/mjs/common/mg_str.c@mg_strcmp,0.16
/home/a/fuzz/DPfuzz/dataset/mjs/common/mg_str.c@mg_strncmp,0.2
/home/a/fuzz/DPfuzz/dataset/mjs/common/mg_str.c@mg_strstr,0
/home/a/fuzz/DPfuzz/dataset/mjs/common/cs_dbg.c@cs_log_set_filter,0.008
/home/a/fuzz/DPfuzz/dataset/mjs/common/cs_dbg.c@cs_log_print_prefix,0.12
/home/a/fuzz/DPfuzz/dataset/mjs/common/cs_dbg.c@cs_log_printf,0.08
/home/a/fuzz/DPfuzz/dataset/mjs/common/cs_dbg.c@cs_log_set_file,0
/home/a/fuzz/DPfuzz/dataset/mjs/common/cs_dbg.c@cs_log_set_level,0
/home/a/fuzz/DPfuzz/dataset/mjs/mjs.c@cs_log_set_filter,0
/home/a/fuzz/DPfuzz/dataset/mjs/mjs.c@cs_log_print_prefix,0.12
/home/a/fuzz/DPfuzz/dataset/mjs/mjs.c@cs_log_printf,0.08
/home/a/fuzz/DPfuzz/dataset/mjs/mjs.c@cs_log_set_file,0
/home/a/fuzz/DPfuzz/dataset/mjs/mjs.c@cs_log_set_level,0
/home/a/fuzz/DPfuzz/dataset/mjs/mjs.c@cs_read_file,0.08
/home/a/fuzz/DPfuzz/dataset/mjs/mjs.c@cs_mmap_file,0.2
/home/a/fuzz/DPfuzz/dataset/mjs/mjs.c@cs_varint_llen,0
/home/a/fuzz/DPfuzz/dataset/mjs/mjs.c@cs_varint_encode,0.08
/home/a/fuzz/DPfuzz/dataset/mjs/mjs.c@cs_varint_decode,0.16
/home/a/fuzz/DPfuzz/dataset/mjs/mjs.c@cs_varint_decode_unsafe,0.08
/home/a/fuzz/DPfuzz/dataset/mjs/mjs.c@mbuf_init,0
/home/a/fuzz/DPfuzz/dataset/mjs/mjs.c@mbuf_free,0
/home/a/fuzz/DPfuzz/dataset/mjs/mjs.c@mbuf_resize,0.08
/home/a/fuzz/DPfuzz/dataset/mjs/mjs.c@mbuf_trim,0
/home/a/fuzz/DPfuzz/dataset/mjs/mjs.c@mbuf_insert,0.12
/home/a/fuzz/DPfuzz/dataset/mjs/mjs.c@mbuf_append,0.04
/home/a/fuzz/DPfuzz/dataset/mjs/mjs.c@mbuf_remove,0
/home/a/fuzz/DPfuzz/dataset/mjs/mjs.c@mg_mk_str,0
/home/a/fuzz/DPfuzz/dataset/mjs/mjs.c@mg_mk_str_n,0
/home/a/fuzz/DPfuzz/dataset/mjs/mjs.c@mg_vcmp,0
/home/a/fuzz/DPfuzz/dataset/mjs/mjs.c@mg_vcasecmp,0
/home/a/fuzz/DPfuzz/dataset/mjs/mjs.c@mg_strdup_common,0.04
/home/a/fuzz/DPfuzz/dataset/mjs/mjs.c@mg_strdup,0
/home/a/fuzz/DPfuzz/dataset/mjs/mjs.c@mg_strdup_nul,0
/home/a/fuzz/DPfuzz/dataset/mjs/mjs.c@mg_strchr,0.08
/home/a/fuzz/DPfuzz/dataset/mjs/mjs.c@mg_strcmp,0
/home/a/fuzz/DPfuzz/dataset/mjs/mjs.c@mg_strncmp,0.24
/home/a/fuzz/DPfuzz/dataset/mjs/mjs.c@mg_strstr,0
/home/a/fuzz/DPfuzz/dataset/mjs/mjs.c@c_strnlen,0
/home/a/fuzz/DPfuzz/dataset/mjs/mjs.c@c_vsnprintf,0.24
/home/a/fuzz/DPfuzz/dataset/mjs/mjs.c@c_itoa,0.4
/home/a/fuzz/DPfuzz/dataset/mjs/mjs.c@c_snprintf,0
/home/a/fuzz/DPfuzz/dataset/mjs/mjs.c@to_wchar,0.16
/home/a/fuzz/DPfuzz/dataset/mjs/mjs.c@c_strnstr,0.12
/home/a/fuzz/DPfuzz/dataset/mjs/mjs.c@strdup,0
/home/a/fuzz/DPfuzz/dataset/mjs/mjs.c@cs_to_hex,0.04
/home/a/fuzz/DPfuzz/dataset/mjs/mjs.c@fourbit,0.12
/home/a/fuzz/DPfuzz/dataset/mjs/mjs.c@cs_from_hex,0
/home/a/fuzz/DPfuzz/dataset/mjs/mjs.c@cs_to64,0.04
/home/a/fuzz/DPfuzz/dataset/mjs/mjs.c@str_util_lowercase,0
/home/a/fuzz/DPfuzz/dataset/mjs/mjs.c@mg_ncasecmp,0.04
/home/a/fuzz/DPfuzz/dataset/mjs/mjs.c@mg_casecmp,0
/home/a/fuzz/DPfuzz/dataset/mjs/mjs.c@mg_asprintf,0
/home/a/fuzz/DPfuzz/dataset/mjs/mjs.c@mg_avprintf,0.16
/home/a/fuzz/DPfuzz/dataset/mjs/mjs.c@mg_next_comma_list_entry,0.04
/home/a/fuzz/DPfuzz/dataset/mjs/mjs.c@mg_next_comma_list_entry_n,0.2
/home/a/fuzz/DPfuzz/dataset/mjs/mjs.c@mg_match_prefix_n,0.08
/home/a/fuzz/DPfuzz/dataset/mjs/mjs.c@mg_match_prefix,0
/home/a/fuzz/DPfuzz/dataset/mjs/mjs.c@append_to_path,0.2
/home/a/fuzz/DPfuzz/dataset/mjs/mjs.c@truncate_path,0
/home/a/fuzz/DPfuzz/dataset/mjs/mjs.c@left,0
/home/a/fuzz/DPfuzz/dataset/mjs/mjs.c@is_space,0.04009732360097324
/home/a/fuzz/DPfuzz/dataset/mjs/mjs.c@skip_whitespaces,0
/home/a/fuzz/DPfuzz/dataset/mjs/mjs.c@cur,0.09904761904761905
/home/a/fuzz/DPfuzz/dataset/mjs/mjs.c@test_and_skip,0.04
/home/a/fuzz/DPfuzz/dataset/mjs/mjs.c@is_alpha,0.04009732360097324
/home/a/fuzz/DPfuzz/dataset/mjs/mjs.c@is_digit,0
/home/a/fuzz/DPfuzz/dataset/mjs/mjs.c@is_hex_digit,0.12009732360097324
/home/a/fuzz/DPfuzz/dataset/mjs/mjs.c@get_escape_len,0.12
/home/a/fuzz/DPfuzz/dataset/mjs/mjs.c@parse_identifier,0.2
/home/a/fuzz/DPfuzz/dataset/mjs/mjs.c@get_utf8_char_len,0
/home/a/fuzz/DPfuzz/dataset/mjs/mjs.c@parse_string,0.44066666666666665
/home/a/fuzz/DPfuzz/dataset/mjs/mjs.c@parse_number,0.44
/home/a/fuzz/DPfuzz/dataset/mjs/mjs.c@parse_array,0.4875
/home/a/fuzz/DPfuzz/dataset/mjs/mjs.c@expect,0.24
/home/a/fuzz/DPfuzz/dataset/mjs/mjs.c@parse_value,0.04
/home/a/fuzz/DPfuzz/dataset/mjs/mjs.c@parse_key,0.04
/home/a/fuzz/DPfuzz/dataset/mjs/mjs.c@parse_pair,0.32
/home/a/fuzz/DPfuzz/dataset/mjs/mjs.c@parse_object,0.2
/home/a/fuzz/DPfuzz/dataset/mjs/mjs.c@doit,0.16
/home/a/fuzz/DPfuzz/dataset/mjs/mjs.c@json_escape,0.12
/home/a/fuzz/DPfuzz/dataset/mjs/mjs.c@json_printer_buf,0.04
/home/a/fuzz/DPfuzz/dataset/mjs/mjs.c@json_printer_file,0.04
/home/a/fuzz/DPfuzz/dataset/mjs/mjs.c@b64idx,0.2
/home/a/fuzz/DPfuzz/dataset/mjs/mjs.c@b64rev,0.2
/home/a/fuzz/DPfuzz/dataset/mjs/mjs.c@hexdec,0.12
/home/a/fuzz/DPfuzz/dataset/mjs/mjs.c@b64enc,0.4733333333333334
/home/a/fuzz/DPfuzz/dataset/mjs/mjs.c@b64dec,0.2
/home/a/fuzz/DPfuzz/dataset/mjs/mjs.c@json_vprintf,0.32
/home/a/fuzz/DPfuzz/dataset/mjs/mjs.c@json_printf,0
/home/a/fuzz/DPfuzz/dataset/mjs/mjs.c@json_printf_array,0.04
/home/a/fuzz/DPfuzz/dataset/mjs/mjs.c@cs_win_vsnprintf,0
/home/a/fuzz/DPfuzz/dataset/mjs/mjs.c@cs_win_snprintf,0
/home/a/fuzz/DPfuzz/dataset/mjs/mjs.c@json_walk,0.32
/home/a/fuzz/DPfuzz/dataset/mjs/mjs.c@json_scanf_array_elem_cb,0.24
/home/a/fuzz/DPfuzz/dataset/mjs/mjs.c@json_scanf_array_elem,0.27
/home/a/fuzz/DPfuzz/dataset/mjs/mjs.c@json_unescape,0.12
/home/a/fuzz/DPfuzz/dataset/mjs/mjs.c@json_scanf_cb,0.28
/home/a/fuzz/DPfuzz/dataset/mjs/mjs.c@json_vscanf,0.12
/home/a/fuzz/DPfuzz/dataset/mjs/mjs.c@json_scanf,0
/home/a/fuzz/DPfuzz/dataset/mjs/mjs.c@json_vfprintf,0.24
/home/a/fuzz/DPfuzz/dataset/mjs/mjs.c@json_fprintf,0
/home/a/fuzz/DPfuzz/dataset/mjs/mjs.c@json_fread,0.08
/home/a/fuzz/DPfuzz/dataset/mjs/mjs.c@get_matched_prefix_len,0.04
/home/a/fuzz/DPfuzz/dataset/mjs/mjs.c@json_vsetf_cb,0.32
/home/a/fuzz/DPfuzz/dataset/mjs/mjs.c@json_vsetf,0.16
/home/a/fuzz/DPfuzz/dataset/mjs/mjs.c@json_setf,0.12
/home/a/fuzz/DPfuzz/dataset/mjs/mjs.c@indent,0
/home/a/fuzz/DPfuzz/dataset/mjs/mjs.c@print_key,0.16
/home/a/fuzz/DPfuzz/dataset/mjs/mjs.c@prettify_cb,0.12
/home/a/fuzz/DPfuzz/dataset/mjs/mjs.c@json_prettify,0.04
/home/a/fuzz/DPfuzz/dataset/mjs/mjs.c@json_prettify_file,0.16
/home/a/fuzz/DPfuzz/dataset/mjs/mjs.c@next_set_key,0.20066666666666666
/home/a/fuzz/DPfuzz/dataset/mjs/mjs.c@next_cb,0.12
/home/a/fuzz/DPfuzz/dataset/mjs/mjs.c@json_next,0.24
/home/a/fuzz/DPfuzz/dataset/mjs/mjs.c@json_next_key,0.08
/home/a/fuzz/DPfuzz/dataset/mjs/mjs.c@json_next_elem,0.08
/home/a/fuzz/DPfuzz/dataset/mjs/mjs.c@json_sprinter,0.2
/home/a/fuzz/DPfuzz/dataset/mjs/mjs.c@json_vasprintf,0.08
/home/a/fuzz/DPfuzz/dataset/mjs/mjs.c@json_asprintf,0
/home/a/fuzz/DPfuzz/dataset/mjs/mjs.c@ffi_set_word,0
/home/a/fuzz/DPfuzz/dataset/mjs/mjs.c@ffi_set_bool,0
/home/a/fuzz/DPfuzz/dataset/mjs/mjs.c@ffi_set_ptr,0
/home/a/fuzz/DPfuzz/dataset/mjs/mjs.c@ffi_set_double,0
/home/a/fuzz/DPfuzz/dataset/mjs/mjs.c@ffi_set_float,0
/home/a/fuzz/DPfuzz/dataset/mjs/mjs.c@ffi_call,0.32
/home/a/fuzz/DPfuzz/dataset/mjs/mjs.c@v_sprintf_s,0.2
/home/a/fuzz/DPfuzz/dataset/mjs/mjs.c@mjs_mk_array,0.12
/home/a/fuzz/DPfuzz/dataset/mjs/mjs.c@mjs_is_array,0.008
/home/a/fuzz/DPfuzz/dataset/mjs/mjs.c@mjs_array_get,0.005714285714285714
/home/a/fuzz/DPfuzz/dataset/mjs/mjs.c@mjs_array_get2,0.28
/home/a/fuzz/DPfuzz/dataset/mjs/mjs.c@mjs_array_length,0.16066666666666665
/home/a/fuzz/DPfuzz/dataset/mjs/mjs.c@mjs_array_set,0.4
/home/a/fuzz/DPfuzz/dataset/mjs/mjs.c@mjs_array_del,0.04
/home/a/fuzz/DPfuzz/dataset/mjs/mjs.c@mjs_array_push,0
/home/a/fuzz/DPfuzz/dataset/mjs/mjs.c@mjs_array_push_internal,0.2475
/home/a/fuzz/DPfuzz/dataset/mjs/mjs.c@move_item,0
/home/a/fuzz/DPfuzz/dataset/mjs/mjs.c@mjs_array_splice,0.2
/home/a/fuzz/DPfuzz/dataset/mjs/mjs.c@add_lineno_map_item,0.36
/home/a/fuzz/DPfuzz/dataset/mjs/mjs.c@emit_byte,0.4
/home/a/fuzz/DPfuzz/dataset/mjs/mjs.c@emit_int,0.44
/home/a/fuzz/DPfuzz/dataset/mjs/mjs.c@emit_str,0.52
/home/a/fuzz/DPfuzz/dataset/mjs/mjs.c@mjs_bcode_insert_offset,0.28
/home/a/fuzz/DPfuzz/dataset/mjs/mjs.c@mjs_bcode_part_add,0.4
/home/a/fuzz/DPfuzz/dataset/mjs/mjs.c@mjs_bcode_part_get,0.44
/home/a/fuzz/DPfuzz/dataset/mjs/mjs.c@mjs_bcode_part_get_by_offset,0.28
/home/a/fuzz/DPfuzz/dataset/mjs/mjs.c@mjs_bcode_parts_cnt,0.44
/home/a/fuzz/DPfuzz/dataset/mjs/mjs.c@mjs_bcode_commit,0.24
/home/a/fuzz/DPfuzz/dataset/mjs/mjs.c@mjs_print,0
/home/a/fuzz/DPfuzz/dataset/mjs/mjs.c@mjs_get_loaded_file_bcode,0.2
/home/a/fuzz/DPfuzz/dataset/mjs/mjs.c@mjs_load,0.2
/home/a/fuzz/DPfuzz/dataset/mjs/mjs.c@mjs_get_mjs,0.019047619047619046
/home/a/fuzz/DPfuzz/dataset/mjs/mjs.c@mjs_chr,0.12
/home/a/fuzz/DPfuzz/dataset/mjs/mjs.c@mjs_do_gc,0
/home/a/fuzz/DPfuzz/dataset/mjs/mjs.c@mjs_s2o,0
/home/a/fuzz/DPfuzz/dataset/mjs/mjs.c@mjs_init_builtin,0.24
/home/a/fuzz/DPfuzz/dataset/mjs/mjs.c@mjs_to_string,0.32
/home/a/fuzz/DPfuzz/dataset/mjs/mjs.c@mjs_to_boolean_v,0.24
/home/a/fuzz/DPfuzz/dataset/mjs/mjs.c@mjs_is_truthy,0.16
/home/a/fuzz/DPfuzz/dataset/mjs/mjs.c@mjs_destroy,0.56
/home/a/fuzz/DPfuzz/dataset/mjs/mjs.c@mjs_create,0.4
/home/a/fuzz/DPfuzz/dataset/mjs/mjs.c@mjs_set_errorf,0.16
/home/a/fuzz/DPfuzz/dataset/mjs/mjs.c@mjs_prepend_errorf,0.24
/home/a/fuzz/DPfuzz/dataset/mjs/mjs.c@mjs_print_error,0.07
/home/a/fuzz/DPfuzz/dataset/mjs/mjs.c@mjs_die,0.24
/home/a/fuzz/DPfuzz/dataset/mjs/mjs.c@mjs_strerror,0.04
/home/a/fuzz/DPfuzz/dataset/mjs/mjs.c@mjs_get_func_addr,0.2
/home/a/fuzz/DPfuzz/dataset/mjs/mjs.c@mjs_get_type,0.16
/home/a/fuzz/DPfuzz/dataset/mjs/mjs.c@mjs_get_global,0
/home/a/fuzz/DPfuzz/dataset/mjs/mjs.c@mjs_append_stack_trace_line,0.28
/home/a/fuzz/DPfuzz/dataset/mjs/mjs.c@mjs_gen_stack_trace,0.16
/home/a/fuzz/DPfuzz/dataset/mjs/mjs.c@mjs_own,0
/home/a/fuzz/DPfuzz/dataset/mjs/mjs.c@mjs_disown,0.12
/home/a/fuzz/DPfuzz/dataset/mjs/mjs.c@mjs_getretvalpos,0.24
/home/a/fuzz/DPfuzz/dataset/mjs/mjs.c@mjs_nargs,0.12
/home/a/fuzz/DPfuzz/dataset/mjs/mjs.c@mjs_arg,0.24
/home/a/fuzz/DPfuzz/dataset/mjs/mjs.c@mjs_return,0.04
/home/a/fuzz/DPfuzz/dataset/mjs/mjs.c@vtop,0.2
/home/a/fuzz/DPfuzz/dataset/mjs/mjs.c@mjs_stack_size,0.2
/home/a/fuzz/DPfuzz/dataset/mjs/mjs.c@vptr,0.16
/home/a/fuzz/DPfuzz/dataset/mjs/mjs.c@mjs_pop,0.12
/home/a/fuzz/DPfuzz/dataset/mjs/mjs.c@push_mjs_val,0.16
/home/a/fuzz/DPfuzz/dataset/mjs/mjs.c@mjs_pop_val,0.16
/home/a/fuzz/DPfuzz/dataset/mjs/mjs.c@mjs_push,0.16
/home/a/fuzz/DPfuzz/dataset/mjs/mjs.c@mjs_set_generate_jsc,0.05333333333333333
/home/a/fuzz/DPfuzz/dataset/mjs/mjs.c@mjs_mem_to_ptr,0
/home/a/fuzz/DPfuzz/dataset/mjs/mjs.c@mjs_mem_get_ptr,0
/home/a/fuzz/DPfuzz/dataset/mjs/mjs.c@mjs_mem_set_ptr,0
/home/a/fuzz/DPfuzz/dataset/mjs/mjs.c@mjs_mem_get_dbl,0
/home/a/fuzz/DPfuzz/dataset/mjs/mjs.c@mjs_mem_set_dbl,0
/home/a/fuzz/DPfuzz/dataset/mjs/mjs.c@mjs_mem_get_uint,0.04
/home/a/fuzz/DPfuzz/dataset/mjs/mjs.c@mjs_mem_get_int,0.12
/home/a/fuzz/DPfuzz/dataset/mjs/mjs.c@mjs_mem_set_uint,0.08
/home/a/fuzz/DPfuzz/dataset/mjs/mjs.c@mjs_mem_set_int,0.04
/home/a/fuzz/DPfuzz/dataset/mjs/mjs.c@call_stack_push_frame,0.4
/home/a/fuzz/DPfuzz/dataset/mjs/mjs.c@call_stack_restore_frame,0.12
/home/a/fuzz/DPfuzz/dataset/mjs/mjs.c@mjs_find_scope,0.12
/home/a/fuzz/DPfuzz/dataset/mjs/mjs.c@mjs_get_this,0.008
/home/a/fuzz/DPfuzz/dataset/mjs/mjs.c@do_arith_op,0.4
/home/a/fuzz/DPfuzz/dataset/mjs/mjs.c@set_no_autoconversion_error,0
/home/a/fuzz/DPfuzz/dataset/mjs/mjs.c@do_op,0.2
/home/a/fuzz/DPfuzz/dataset/mjs/mjs.c@op_assign,0.16
/home/a/fuzz/DPfuzz/dataset/mjs/mjs.c@check_equal,0.16
/home/a/fuzz/DPfuzz/dataset/mjs/mjs.c@exec_expr,0.44
/home/a/fuzz/DPfuzz/dataset/mjs/mjs.c@getprop_builtin_string,0.16
/home/a/fuzz/DPfuzz/dataset/mjs/mjs.c@getprop_builtin_array,0.28
/home/a/fuzz/DPfuzz/dataset/mjs/mjs.c@getprop_builtin_foreign,0.2
/home/a/fuzz/DPfuzz/dataset/mjs/mjs.c@mjs_apply_,0.32
/home/a/fuzz/DPfuzz/dataset/mjs/mjs.c@getprop_builtin,0.2
/home/a/fuzz/DPfuzz/dataset/mjs/mjs.c@mjs_execute,0.24
/home/a/fuzz/DPfuzz/dataset/mjs/mjs.c@mjs_exec_internal,0.48
/home/a/fuzz/DPfuzz/dataset/mjs/mjs.c@mjs_exec,0.005714285714285714
/home/a/fuzz/DPfuzz/dataset/mjs/mjs.c@mjs_exec_file,0.24
/home/a/fuzz/DPfuzz/dataset/mjs/mjs.c@mjs_call,0.28
/home/a/fuzz/DPfuzz/dataset/mjs/mjs.c@mjs_apply,0.08
/home/a/fuzz/DPfuzz/dataset/mjs/mjs.c@mjs_set_ffi_resolver,0.05333333333333333
/home/a/fuzz/DPfuzz/dataset/mjs/mjs.c@parse_cval_type,0.2
/home/a/fuzz/DPfuzz/dataset/mjs/mjs.c@find_paren,0
/home/a/fuzz/DPfuzz/dataset/mjs/mjs.c@find_closing_paren,0.08
/home/a/fuzz/DPfuzz/dataset/mjs/mjs.c@mjs_parse_ffi_signature,0.64
/home/a/fuzz/DPfuzz/dataset/mjs/mjs.c@ffi_cb_impl_generic,0.48
/home/a/fuzz/DPfuzz/dataset/mjs/mjs.c@ffi_init_cb_data_wwww,0.32
/home/a/fuzz/DPfuzz/dataset/mjs/mjs.c@ffi_cb_impl_wpwwwww,0
/home/a/fuzz/DPfuzz/dataset/mjs/mjs.c@ffi_cb_impl_wwpwwww,0
/home/a/fuzz/DPfuzz/dataset/mjs/mjs.c@ffi_cb_impl_wwwpwww,0
/home/a/fuzz/DPfuzz/dataset/mjs/mjs.c@ffi_cb_impl_wwwwpww,0
/home/a/fuzz/DPfuzz/dataset/mjs/mjs.c@ffi_cb_impl_wwwwwpw,0
/home/a/fuzz/DPfuzz/dataset/mjs/mjs.c@ffi_cb_impl_wwwwwwp,0
/home/a/fuzz/DPfuzz/dataset/mjs/mjs.c@ffi_cb_impl_wpd,0.2
/home/a/fuzz/DPfuzz/dataset/mjs/mjs.c@ffi_cb_impl_wdp,0.2
/home/a/fuzz/DPfuzz/dataset/mjs/mjs.c@ffi_get_matching,0.12
/home/a/fuzz/DPfuzz/dataset/mjs/mjs.c@get_cb_impl_by_signature,0.08
/home/a/fuzz/DPfuzz/dataset/mjs/mjs.c@mjs_ffi_sig_to_value,0.36
/home/a/fuzz/DPfuzz/dataset/mjs/mjs.c@mjs_is_ffi_sig,0.36
/home/a/fuzz/DPfuzz/dataset/mjs/mjs.c@mjs_get_ffi_sig_struct,0.36
/home/a/fuzz/DPfuzz/dataset/mjs/mjs.c@mjs_mk_ffi_sig,0.36
/home/a/fuzz/DPfuzz/dataset/mjs/mjs.c@mjs_ffi_sig_destructor,0.4
/home/a/fuzz/DPfuzz/dataset/mjs/mjs.c@mjs_ffi_call,0.24
/home/a/fuzz/DPfuzz/dataset/mjs/mjs.c@mjs_ffi_call2,0.32
/home/a/fuzz/DPfuzz/dataset/mjs/mjs.c@mjs_ffi_cb_free,0.2075
/home/a/fuzz/DPfuzz/dataset/mjs/mjs.c@mjs_ffi_args_free_list,0.32
/home/a/fuzz/DPfuzz/dataset/mjs/mjs.c@mjs_ffi_sig_init,0.28
/home/a/fuzz/DPfuzz/dataset/mjs/mjs.c@mjs_ffi_sig_copy,0.28
/home/a/fuzz/DPfuzz/dataset/mjs/mjs.c@mjs_ffi_sig_free,0.28
/home/a/fuzz/DPfuzz/dataset/mjs/mjs.c@mjs_ffi_sig_set_val_type,0.32
/home/a/fuzz/DPfuzz/dataset/mjs/mjs.c@mjs_ffi_sig_validate,0.24
/home/a/fuzz/DPfuzz/dataset/mjs/mjs.c@mjs_ffi_is_regular_word,0.2
/home/a/fuzz/DPfuzz/dataset/mjs/mjs.c@mjs_ffi_is_regular_word_or_void,0.28
/home/a/fuzz/DPfuzz/dataset/mjs/mjs.c@dlsym,0
/home/a/fuzz/DPfuzz/dataset/mjs/mjs.c@new_object,0.36
/home/a/fuzz/DPfuzz/dataset/mjs/mjs.c@new_property,0.36
/home/a/fuzz/DPfuzz/dataset/mjs/mjs.c@new_ffi_sig,0.2
/home/a/fuzz/DPfuzz/dataset/mjs/mjs.c@gc_arena_init,0.16
/home/a/fuzz/DPfuzz/dataset/mjs/mjs.c@gc_arena_destroy,0.2
/home/a/fuzz/DPfuzz/dataset/mjs/mjs.c@gc_free_block,0
/home/a/fuzz/DPfuzz/dataset/mjs/mjs.c@gc_new_block,0.12
/home/a/fuzz/DPfuzz/dataset/mjs/mjs.c@gc_arena_is_gc_needed,0.12
/home/a/fuzz/DPfuzz/dataset/mjs/mjs.c@gc_strings_is_gc_needed,0.36
/home/a/fuzz/DPfuzz/dataset/mjs/mjs.c@gc_alloc_cell,0.12
/home/a/fuzz/DPfuzz/dataset/mjs/mjs.c@gc_sweep,0.24
/home/a/fuzz/DPfuzz/dataset/mjs/mjs.c@gc_mark_ffi_sig,0.16
/home/a/fuzz/DPfuzz/dataset/mjs/mjs.c@gc_mark_object,0.2806666666666667
/home/a/fuzz/DPfuzz/dataset/mjs/mjs.c@gc_mark_string,0.2475
/home/a/fuzz/DPfuzz/dataset/mjs/mjs.c@gc_mark,0.08
/home/a/fuzz/DPfuzz/dataset/mjs/mjs.c@gc_string_mjs_val_to_offset,0.12
/home/a/fuzz/DPfuzz/dataset/mjs/mjs.c@gc_string_val_from_offset,0.52
/home/a/fuzz/DPfuzz/dataset/mjs/mjs.c@gc_compact_strings,0.36
/home/a/fuzz/DPfuzz/dataset/mjs/mjs.c@maybe_gc,0.28
/home/a/fuzz/DPfuzz/dataset/mjs/mjs.c@gc_mark_val_array,0.04
/home/a/fuzz/DPfuzz/dataset/mjs/mjs.c@gc_mark_mbuf_pt,0.08
/home/a/fuzz/DPfuzz/dataset/mjs/mjs.c@gc_mark_mbuf_val,0
/home/a/fuzz/DPfuzz/dataset/mjs/mjs.c@gc_mark_ffi_cbargs_list,0.08
/home/a/fuzz/DPfuzz/dataset/mjs/mjs.c@mjs_gc,0.16
/home/a/fuzz/DPfuzz/dataset/mjs/mjs.c@gc_check_val,0.12
/home/a/fuzz/DPfuzz/dataset/mjs/mjs.c@gc_check_ptr,0.16
/home/a/fuzz/DPfuzz/dataset/mjs/mjs.c@should_skip_for_json,0.36
/home/a/fuzz/DPfuzz/dataset/mjs/mjs.c@append_hex,0.4
/home/a/fuzz/DPfuzz/dataset/mjs/mjs.c@snquote,0.4
/home/a/fuzz/DPfuzz/dataset/mjs/mjs.c@to_json_or_debug,0.2
/home/a/fuzz/DPfuzz/dataset/mjs/mjs.c@mjs_json_stringify,0.2
/home/a/fuzz/DPfuzz/dataset/mjs/mjs.c@alloc_json_frame,0
/home/a/fuzz/DPfuzz/dataset/mjs/mjs.c@free_json_frame,0.08
/home/a/fuzz/DPfuzz/dataset/mjs/mjs.c@frozen_cb,0.28
/home/a/fuzz/DPfuzz/dataset/mjs/mjs.c@mjs_json_parse,0.24
/home/a/fuzz/DPfuzz/dataset/mjs/mjs.c@mjs_op_json_stringify,0.48
/home/a/fuzz/DPfuzz/dataset/mjs/mjs.c@mjs_op_json_parse,0.52
/home/a/fuzz/DPfuzz/dataset/mjs/mjs.c@main,0.08
/home/a/fuzz/DPfuzz/dataset/mjs/mjs.c@mjs_object_to_value,0.52
/home/a/fuzz/DPfuzz/dataset/mjs/mjs.c@get_object_struct,0.32
/home/a/fuzz/DPfuzz/dataset/mjs/mjs.c@mjs_mk_object,0
/home/a/fuzz/DPfuzz/dataset/mjs/mjs.c@mjs_is_object,0.013333333333333332
/home/a/fuzz/DPfuzz/dataset/mjs/mjs.c@mjs_get_own_property,0.4
/home/a/fuzz/DPfuzz/dataset/mjs/mjs.c@mjs_get_own_property_v,0.44
/home/a/fuzz/DPfuzz/dataset/mjs/mjs.c@mjs_mk_property,0.4
/home/a/fuzz/DPfuzz/dataset/mjs/mjs.c@mjs_get,0.08
/home/a/fuzz/DPfuzz/dataset/mjs/mjs.c@mjs_get_v,0.16
/home/a/fuzz/DPfuzz/dataset/mjs/mjs.c@mjs_get_v_proto,0.08
/home/a/fuzz/DPfuzz/dataset/mjs/mjs.c@mjs_set,0.04
/home/a/fuzz/DPfuzz/dataset/mjs/mjs.c@mjs_set_v,0.04
/home/a/fuzz/DPfuzz/dataset/mjs/mjs.c@mjs_set_internal,0.44
/home/a/fuzz/DPfuzz/dataset/mjs/mjs.c@mjs_destroy_property,0.44
/home/a/fuzz/DPfuzz/dataset/mjs/mjs.c@mjs_del,0.12066666666666666
/home/a/fuzz/DPfuzz/dataset/mjs/mjs.c@mjs_next,0.28
/home/a/fuzz/DPfuzz/dataset/mjs/mjs.c@mjs_op_create_object,0.36
/home/a/fuzz/DPfuzz/dataset/mjs/mjs.c@mjs_struct_to_obj,0.2
/home/a/fuzz/DPfuzz/dataset/mjs/mjs.c@ptest,0
/home/a/fuzz/DPfuzz/dataset/mjs/mjs.c@findtok,0
/home/a/fuzz/DPfuzz/dataset/mjs/mjs.c@emit_op,0.05333333333333333
/home/a/fuzz/DPfuzz/dataset/mjs/mjs.c@emit_init_offset,0
/home/a/fuzz/DPfuzz/dataset/mjs/mjs.c@parse_statement_list,0.16
/home/a/fuzz/DPfuzz/dataset/mjs/mjs.c@parse_block,0.24
/home/a/fuzz/DPfuzz/dataset/mjs/mjs.c@parse_function,0.44
/home/a/fuzz/DPfuzz/dataset/mjs/mjs.c@parse_object_literal,0.28
/home/a/fuzz/DPfuzz/dataset/mjs/mjs.c@parse_array_literal,0.24
/home/a/fuzz/DPfuzz/dataset/mjs/mjs.c@parse_literal,0.44
/home/a/fuzz/DPfuzz/dataset/mjs/mjs.c@parse_call_dot_mem,0.44
/home/a/fuzz/DPfuzz/dataset/mjs/mjs.c@parse_postfix,0.16
/home/a/fuzz/DPfuzz/dataset/mjs/mjs.c@parse_unary,0.04
/home/a/fuzz/DPfuzz/dataset/mjs/mjs.c@parse_mul_div_rem,0.28
/home/a/fuzz/DPfuzz/dataset/mjs/mjs.c@parse_plus_minus,0.28
/home/a/fuzz/DPfuzz/dataset/mjs/mjs.c@parse_shifts,0.28
/home/a/fuzz/DPfuzz/dataset/mjs/mjs.c@parse_comparison,0.17335960591133007
/home/a/fuzz/DPfuzz/dataset/mjs/mjs.c@parse_equality,0.17335960591133007
/home/a/fuzz/DPfuzz/dataset/mjs/mjs.c@parse_bitwise_and,0.36
/home/a/fuzz/DPfuzz/dataset/mjs/mjs.c@parse_bitwise_xor,0.36
/home/a/fuzz/DPfuzz/dataset/mjs/mjs.c@parse_bitwise_or,0.36
/home/a/fuzz/DPfuzz/dataset/mjs/mjs.c@parse_logical_and,0.32
/home/a/fuzz/DPfuzz/dataset/mjs/mjs.c@parse_logical_or,0.32
/home/a/fuzz/DPfuzz/dataset/mjs/mjs.c@parse_ternary,0.2
/home/a/fuzz/DPfuzz/dataset/mjs/mjs.c@parse_assignment,0.09142857142857143
/home/a/fuzz/DPfuzz/dataset/mjs/mjs.c@parse_expr,0
/home/a/fuzz/DPfuzz/dataset/mjs/mjs.c@parse_let,0.24
/home/a/fuzz/DPfuzz/dataset/mjs/mjs.c@parse_block_or_stmt,0.16342857142857142
/home/a/fuzz/DPfuzz/dataset/mjs/mjs.c@parse_for_in,0.4
/home/a/fuzz/DPfuzz/dataset/mjs/mjs.c@check_for_in,0.12
/home/a/fuzz/DPfuzz/dataset/mjs/mjs.c@parse_for,0.6
/home/a/fuzz/DPfuzz/dataset/mjs/mjs.c@parse_while,0.24
/home/a/fuzz/DPfuzz/dataset/mjs/mjs.c@parse_if,0.32
/home/a/fuzz/DPfuzz/dataset/mjs/mjs.c@pstate_revert,0.28
/home/a/fuzz/DPfuzz/dataset/mjs/mjs.c@parse_return,0.24
/home/a/fuzz/DPfuzz/dataset/mjs/mjs.c@parse_statement,0.12
/home/a/fuzz/DPfuzz/dataset/mjs/mjs.c@mjs_parse,0.2
/home/a/fuzz/DPfuzz/dataset/mjs/mjs.c@mjs_mk_null,0
/home/a/fuzz/DPfuzz/dataset/mjs/mjs.c@mjs_is_null,0
/home/a/fuzz/DPfuzz/dataset/mjs/mjs.c@mjs_mk_undefined,0
/home/a/fuzz/DPfuzz/dataset/mjs/mjs.c@mjs_is_undefined,0
/home/a/fuzz/DPfuzz/dataset/mjs/mjs.c@mjs_mk_number,0.12
/home/a/fuzz/DPfuzz/dataset/mjs/mjs.c@get_double,0.08342857142857142
/home/a/fuzz/DPfuzz/dataset/mjs/mjs.c@mjs_get_double,0
/home/a/fuzz/DPfuzz/dataset/mjs/mjs.c@mjs_get_int,0.04342857142857143
/home/a/fuzz/DPfuzz/dataset/mjs/mjs.c@mjs_get_int32,0
/home/a/fuzz/DPfuzz/dataset/mjs/mjs.c@mjs_is_number,0.02
/home/a/fuzz/DPfuzz/dataset/mjs/mjs.c@mjs_mk_boolean,0.05333333333333333
/home/a/fuzz/DPfuzz/dataset/mjs/mjs.c@mjs_get_bool,0
/home/a/fuzz/DPfuzz/dataset/mjs/mjs.c@mjs_is_boolean,0.008
/home/a/fuzz/DPfuzz/dataset/mjs/mjs.c@mjs_pointer_to_value,0.44
/home/a/fuzz/DPfuzz/dataset/mjs/mjs.c@mjs_legit_pointer_to_value,0.28
/home/a/fuzz/DPfuzz/dataset/mjs/mjs.c@get_ptr,0.24
/home/a/fuzz/DPfuzz/dataset/mjs/mjs.c@mjs_get_ptr,0.12
/home/a/fuzz/DPfuzz/dataset/mjs/mjs.c@mjs_mk_foreign,0.005714285714285714
/home/a/fuzz/DPfuzz/dataset/mjs/mjs.c@mjs_mk_foreign_func,0.12
/home/a/fuzz/DPfuzz/dataset/mjs/mjs.c@mjs_is_foreign,0.008
/home/a/fuzz/DPfuzz/dataset/mjs/mjs.c@mjs_mk_function,0.013333333333333332
/home/a/fuzz/DPfuzz/dataset/mjs/mjs.c@mjs_is_function,0.008
/home/a/fuzz/DPfuzz/dataset/mjs/mjs.c@mjs_op_isnan,0.32
/home/a/fuzz/DPfuzz/dataset/mjs/mjs.c@chartorune,0.05904761904761904
/home/a/fuzz/DPfuzz/dataset/mjs/mjs.c@runetochar,0.05904761904761904
/home/a/fuzz/DPfuzz/dataset/mjs/mjs.c@mjs_is_string,0
/home/a/fuzz/DPfuzz/dataset/mjs/mjs.c@mjs_mk_string,0.4
/home/a/fuzz/DPfuzz/dataset/mjs/mjs.c@mjs_get_string,0.4
/home/a/fuzz/DPfuzz/dataset/mjs/mjs.c@mjs_get_cstring,0.12
/home/a/fuzz/DPfuzz/dataset/mjs/mjs.c@mjs_strcmp,0.27
/home/a/fuzz/DPfuzz/dataset/mjs/mjs.c@cstr_to_ulong,0.32
/home/a/fuzz/DPfuzz/dataset/mjs/mjs.c@str_to_ulong,0.36
/home/a/fuzz/DPfuzz/dataset/mjs/mjs.c@s_cmp,0.2
/home/a/fuzz/DPfuzz/dataset/mjs/mjs.c@s_concat,0.16
/home/a/fuzz/DPfuzz/dataset/mjs/mjs.c@mjs_string_slice,0.24666666666666667
/home/a/fuzz/DPfuzz/dataset/mjs/mjs.c@mjs_string_index_of,0.20666666666666667
/home/a/fuzz/DPfuzz/dataset/mjs/mjs.c@mjs_string_char_code_at,0.2
/home/a/fuzz/DPfuzz/dataset/mjs/mjs.c@mjs_mkstr,0.20666666666666667
/home/a/fuzz/DPfuzz/dataset/mjs/mjs.c@hex,0.24
/home/a/fuzz/DPfuzz/dataset/mjs/mjs.c@nextesc,0.28
/home/a/fuzz/DPfuzz/dataset/mjs/mjs.c@unescape,0.2
/home/a/fuzz/DPfuzz/dataset/mjs/mjs.c@embed_string,0.3266666666666667
/home/a/fuzz/DPfuzz/dataset/mjs/mjs.c@pinit,0.56
/home/a/fuzz/DPfuzz/dataset/mjs/mjs.c@mjs_is_space,0.20009732360097324
/home/a/fuzz/DPfuzz/dataset/mjs/mjs.c@mjs_is_digit,0.52
/home/a/fuzz/DPfuzz/dataset/mjs/mjs.c@mjs_is_alpha,0.04009732360097324
/home/a/fuzz/DPfuzz/dataset/mjs/mjs.c@mjs_is_ident,0.52
/home/a/fuzz/DPfuzz/dataset/mjs/mjs.c@longtok,0.16
/home/a/fuzz/DPfuzz/dataset/mjs/mjs.c@longtok3,0.2
/home/a/fuzz/DPfuzz/dataset/mjs/mjs.c@longtok4,0.2
/home/a/fuzz/DPfuzz/dataset/mjs/mjs.c@getnum,0.16
/home/a/fuzz/DPfuzz/dataset/mjs/mjs.c@is_reserved_word_token,0.36066666666666664
/home/a/fuzz/DPfuzz/dataset/mjs/mjs.c@getident,0.04
/home/a/fuzz/DPfuzz/dataset/mjs/mjs.c@getstr,0.04066666666666666
/home/a/fuzz/DPfuzz/dataset/mjs/mjs.c@skip_spaces_and_comments,0.32
/home/a/fuzz/DPfuzz/dataset/mjs/mjs.c@ptranslate,0.325
/home/a/fuzz/DPfuzz/dataset/mjs/mjs.c@pnext,0.12
/home/a/fuzz/DPfuzz/dataset/mjs/mjs.c@mjs_typeof,0
/home/a/fuzz/DPfuzz/dataset/mjs/mjs.c@mjs_stringify_type,0.08666666666666666
/home/a/fuzz/DPfuzz/dataset/mjs/mjs.c@mjs_jprintf,0.12
/home/a/fuzz/DPfuzz/dataset/mjs/mjs.c@mjs_sprintf,0
/home/a/fuzz/DPfuzz/dataset/mjs/mjs.c@mjs_fprintf,0
/home/a/fuzz/DPfuzz/dataset/mjs/mjs.c@opcodetostr,0.28
/home/a/fuzz/DPfuzz/dataset/mjs/mjs.c@mjs_disasm_single,0.09757575757575757
/home/a/fuzz/DPfuzz/dataset/mjs/mjs.c@mjs_disasm,0.16066666666666665
/home/a/fuzz/DPfuzz/dataset/mjs/mjs.c@mjs_dump_obj_stack,0.2
/home/a/fuzz/DPfuzz/dataset/mjs/mjs.c@mjs_dump,0.28
/home/a/fuzz/DPfuzz/dataset/mjs/mjs.c@mjs_check_arg,0.12
/home/a/fuzz/DPfuzz/dataset/mjs/mjs.c@mjs_normalize_idx,0.36
/home/a/fuzz/DPfuzz/dataset/mjs/mjs.c@mjs_get_bcode_filename,0.36
/home/a/fuzz/DPfuzz/dataset/mjs/mjs.c@mjs_get_bcode_filename_by_offset,0.04
/home/a/fuzz/DPfuzz/dataset/mjs/mjs.c@mjs_get_lineno_by_offset,0.1675
/home/a/fuzz/DPfuzz/dataset/mjs/mjs.c@mjs_get_offset_by_call_frame_num,0.2
